Workbook

Sheet contents
A2: Sheet | B2: Descrip
A3: parking_demand_data_ver2 | B3: Baseline expanded demand estimates using LOCUS expansion factors, by county & by hour
A4: calibration | B4: calibration steps
A5: parking_demand_data_calibr_ver2 | B5: hourly demand expanded totals after calibration
A6: diagnosis | B6: diagnosis at county level

Sheet parking_demand_data_2024_ver0
A1: county_fips | B1: county_name | C1: hour | D1: designated_expanded_daily_parking_demand | E1: undesignated_expanded_daily_parking_demand | F1: truck_parking_lots: total | G1: truck_parking_lots : private - large | H1: truck_parking_lots : private - medium | I1: truck_parking_lots : private - small | J1: truck_parking_lots : public - large | K1: truck_parking_lots : public - medium | L1: truck_parking_lots : public - small | M1: truck_parking_spaces: total | N1: truck_parking_spaces : private - large | O1: truck_parking_spaces : private - medium | P1: truck_parking_spaces : private - small | Q1: truck_parking_spaces : public - large | R1: truck_parking_spaces : public - medium | S1: truck_parking_spaces : public - small
A2: 18001 | B2: Adams County | C2: 0 | D2: 17.063529 | E2: 0 | F2: =SUM(G2:L2) -> 1 | G2: 0 | H2: 0 | I2: 1 | J2: 0 | K2: 0 | L2: 0 | M2: =SUM(N2:S2) -> 30 | N2: 0 | O2: 0 | P2: 30 | Q2: 0 | R2: 0 | S2: 0
A3: 18001 | B3: Adams County | C3: 1 | D3: 17.732687 | E3: 0 | F3: =SUM(G3:L3) -> 1 | G3: 0 | H3: 0 | I3: 1 | J3: 0 | K3: 0 | L3: 0 | M3: =SUM(N3:S3) -> 30 | N3: 0 | O3: 0 | P3: 30 | Q3: 0 | R3: 0 | S3: 0
A4: 18001 | B4: Adams County | C4: 2 | D4: 17.933435 | E4: 0 | F4: =SUM(G4:L4) -> 1 | G4: 0 | H4: 0 | I4: 1 | J4: 0 | K4: 0 | L4: 0 | M4: =SUM(N4:S4) -> 30 | N4: 0 | O4: 0 | P4: 30 | Q4: 0 | R4: 0 | S4: 0
A5: 18001 | B5: Adams County | C5: 3 | D5: 18.201098 | E5: 0 | F5: =SUM(G5:L5) -> 1 | G5: 0 | H5: 0 | I5: 1 | J5: 0 | K5: 0 | L5: 0 | M5: =SUM(N5:S5) -> 30 | N5: 0 | O5: 0 | P5: 30 | Q5: 0 | R5: 0 | S5: 0
A6: 18001 | B6: Adams County | C6: 4 | D6: 18.067266 | E6: 0 | F6: =SUM(G6:L6) -> 1 | G6: 0 | H6: 0 | I6: 1 | J6: 0 | K6: 0 | L6: 0 | M6: =SUM(N6:S6) -> 30 | N6: 0 | O6: 0 | P6: 30 | Q6: 0 | R6: 0 | S6: 0
A7: 18001 | B7: Adams County | C7: 5 | D7: 17.53194 | E7: 0.1338316 | F7: =SUM(G7:L7) -> 1 | G7: 0 | H7: 0 | I7: 1 | J7: 0 | K7: 0 | L7: 0 | M7: =SUM(N7:S7) -> 30 | N7: 0 | O7: 0 | P7: 30 | Q7: 0 | R7: 0 | S7: 0
A8: 18001 | B8: Adams County | C8: 6 | D8: 17.933435 | E8: 0.4014948 | F8: =SUM(G8:L8) -> 1 | G8: 0 | H8: 0 | I8: 1 | J8: 0 | K8: 0 | L8: 0 | M8: =SUM(N8:S8) -> 30 | N8: 0 | O8: 0 | P8: 30 | Q8: 0 | R8: 0 | S8: 0
A9: 18001 | B9: Adams County | C9: 7 | D9: 15.925961 | E9: 1.1375686 | F9: =SUM(G9:L9) -> 1 | G9: 0 | H9: 0 | I9: 1 | J9: 0 | K9: 0 | L9: 0 | M9: =SUM(N9:S9) -> 30 | N9: 0 | O9: 0 | P9: 30 | Q9: 0 | R9: 0 | S9: 0
A10: 18001 | B10: Adams County | C10: 8 | D10: 11.576433 | E10: 1.8736424 | F10: =SUM(G10:L10) -> 1 | G10: 0 | H10: 0 | I10: 1 | J10: 0 | K10: 0 | L10: 0 | M10: =SUM(N10:S10) -> 30 | N10: 0 | O10: 0 | P10: 30 | Q10: 0 | R10: 0 | S10: 0
A11: 18001 | B11: Adams County | C11: 9 | D11: 8.1637277 | E11: 2.9442952 | F11: =SUM(G11:L11) -> 1 | G11: 0 | H11: 0 | I11: 1 | J11: 0 | K11: 0 | L11: 0 | M11: =SUM(N11:S11) -> 30 | N11: 0 | O11: 0 | P11: 30 | Q11: 0 | R11: 0 | S11: 0
A12: 18001 | B12: Adams County | C12: 10 | D12: 8.6321383 | E12: 6.5577485 | F12: =SUM(G12:L12) -> 1 | G12: 0 | H12: 0 | I12: 1 | J12: 0 | K12: 0 | L12: 0 | M12: =SUM(N12:S12) -> 30 | N12: 0 | O12: 0 | P12: 30 | Q12: 0 | R12: 0 | S12: 0
A13: 18001 | B13: Adams County | C13: 11 | D13: 10.371949 | E13: 6.1562537 | F13: =SUM(G13:L13) -> 1 | G13: 0 | H13: 0 | I13: 1 | J13: 0 | K13: 0 | L13: 0 | M13: =SUM(N13:S13) -> 30 | N13: 0 | O13: 0 | P13: 30 | Q13: 0 | R13: 0 | S13: 0
... A2209: 18183 | B2209: Whitley County | C2209: 23 | D2209: 0 | E2209: 0.055472047 | F2209: =SUM(G2209:L2209) -> 0 | G2209: 0 | H2209: 0 | I2209: 0 | J2209: 0 | K2209: 0 | L2209: 0 | M2209: =SUM(N2209:S2209) -> 0 | N2209: 0 | O2209: 0 | P2209: 0 | Q2209: 0 | R2209: 0 | S2209: 0

Sheet calibration
C2: demand expanded | F2: demand expanded (from demand sheet) | I2: Validation Vol/Cap | L2: dem/sup | O2: calib demand | R2: calib dem/sup
C3: Boone | D3: Jasper | E3: Tippecanoe | F3: Boone | G3: Jasper | H3: Tippecanoe | I3: Boone | J3: Jasper | K3: Tippecanoe | L3: Boone | M3: Jasper | N3: Tippecanoe | O3: Boone | P3: Jasper | Q3: Tippecanoe | R3: Boone | S3: Jasper | T3: Tippecanoe
A4: supply | C4: 408 | D4: 927 | E4: 92 | F4: =parking_demand_data_2024_ver0!M122 -> 408 | G4: =parking_demand_data_2024_ver0!M866 -> 927 | H4: =parking_demand_data_2024_ver0!M1874 -> 92
A5: hour | B5: 0 | C5: 466.29351 | D5: 913.27893 | E5: 103.22996 | F5: =parking_demand_data_2024_ver0!D122 -> 466.29351 | G5: =parking_demand_data_2024_ver0!D866 -> 776.28709 | H5: =parking_demand_data_2024_ver0!D1874 -> 103.22996 | I5: 1 | J5: 0.7 | K5: 1 | L5: =F5/F$4 -> 1.1428762 | M5: =G5/G$4 -> 0.83741865 | N5: =H5/H$4 -> 1.1220648 | O5: =F5*$I$31 -> 466.29351 | P5: =G5*$I$31 -> 776.28709 | Q5: =H5*$I$31 -> 103.22996 | R5: =O5/F$4 -> 1.1428762 | S5: =P5/G$4 -> 0.83741865 | T5: =Q5/H$4 -> 1.1220648
B6: 1 | C6: 469.2 | D6: 921.89773 | E6: 103.90816 | F6: =parking_demand_data_2024_ver0!D123 -> 469.2 | G6: =parking_demand_data_2024_ver0!D867 -> 783.61307 | H6: =parking_demand_data_2024_ver0!D1875 -> 103.90816 | I6: 1 | J6: 0.7 | K6: 1 | L6: =F6/F$4 -> 1.15 | M6: =G6/G$4 -> 0.84532154 | N6: =H6/H$4 -> 1.1294366 | O6: =F6*$I$31 -> 469.2 | P6: =G6*$I$31 -> 783.61307 | Q6: =H6*$I$31 -> 103.90816 | R6: =O6/F$4 -> 1.15 | S6: =P6/G$4 -> 0.84532154 | T6: =Q6/H$4 -> 1.1294366
B7: 2 | C7: 467.05316 | D7: 918.44123 | E7: 105.8 | F7: =parking_demand_data_2024_ver0!D124 -> 467.05316 | G7: =parking_demand_data_2024_ver0!D868 -> 780.67505 | H7: =parking_demand_data_2024_ver0!D1876 -> 105.8 | L7: =F7/F$4 -> 1.1447381 | M7: =G7/G$4 -> 0.84215215 | N7: =H7/H$4 -> 1.15 | O7: =F7*$I$31 -> 467.05316 | P7: =G7*$I$31 -> 780.67505 | Q7: =H7*$I$31 -> 105.8 | R7: =O7/F$4 -> 1.1447381 | S7: =P7/G$4 -> 0.84215215 | T7: =Q7/H$4 -> 1.15
B8: 3 | C8: 458.82911 | D8: 892.09104 | E8: 103.22996 | F8: =parking_demand_data_2024_ver0!D125 -> 458.82911 | G8: =parking_demand_data_2024_ver0!D869 -> 758.27738 | H8: =parking_demand_data_2024_ver0!D1877 -> 103.22996 | L8: =F8/F$4 -> 1.1245812 | M8: =G8/G$4 -> 0.8179907 | N8: =H8/H$4 -> 1.1220648 | O8: =F8*$I$31 -> 458.82911 | P8: =G8*$I$31 -> 758.27738 | Q8: =H8*$I$31 -> 103.22996 | R8: =O8/F$4 -> 1.1245812 | S8: =P8/G$4 -> 0.8179907 | T8: =Q8/H$4 -> 1.1220648
B9: 4 | C9: 439.30939 | D9: 862.37412 | E9: 98.625304 | F9: =parking_demand_data_2024_ver0!D126 -> 439.30939 | G9: =parking_demand_data_2024_ver0!D870 -> 733.018 | H9: =parking_demand_data_2024_ver0!D1878 -> 98.625304 | L9: =F9/F$4 -> 1.0767387 | M9: =G9/G$4 -> 0.79074218 | N9: =H9/H$4 -> 1.0720142 | O9: =F9*$I$31 -> 439.30939 | P9: =G9*$I$31 -> 733.018 | Q9: =H9*$I$31 -> 98.625304 | R9: =O9/F$4 -> 1.0767387 | S9: =P9/G$4 -> 0.79074218 | T9: =Q9/H$4 -> 1.0720142
B10: 5 | C10: 419.16213 | D10: 793.64814 | E10: 92.450067 | F10: =parking_demand_data_2024_ver0!D127 -> 419.16213 | G10: =parking_demand_data_2024_ver0!D871 -> 674.60092 | H10: =parking_demand_data_2024_ver0!D1879 -> 92.450067 | L10: =F10/F$4 -> 1.0273582 | M10: =G10/G$4 -> 0.72772483 | N10: =H10/H$4 -> 1.004892 | O10: =F10*$I$31 -> 419.16213 | P10: =G10*$I$31 -> 674.60092 | Q10: =H10*$I$31 -> 92.450067 | R10: =O10/F$4 -> 1.0273582 | S10: =P10/G$4 -> 0.72772483 | T10: =Q10/H$4 -> 1.004892
B11: 6 | C11: 379.99057 | D11: 677.51874 | E11: 85.489541 | F11: =parking_demand_data_2024_ver0!D128 -> 379.99057 | G11: =parking_demand_data_2024_ver0!D872 -> 575.89093 | H11: =parking_demand_data_2024_ver0!D1880 -> 85.489541 | L11: =F11/F$4 -> 0.93134943 | M11: =G11/G$4 -> 0.62124157 | N11: =H11/H$4 -> 0.92923414 | O11: =F11*$I$31 -> 379.99057 | P11: =G11*$I$31 -> 575.89093 | Q11: =H11*$I$31 -> 85.489541 | R11: =O11/F$4 -> 0.93134943 | S11: =P11/G$4 -> 0.62124157 | T11: =Q11/H$4 -> 0.92923414
B12: 7 | C12: 336.55836 | D12: 553.03988 | E12: 81.99143 | F12: =parking_demand_data_2024_ver0!D129 -> 336.55836 | G12: =parking_demand_data_2024_ver0!D873 -> 470.0839 | H12: =parking_demand_data_2024_ver0!D1881 -> 81.99143 | L12: =F12/F$4 -> 0.82489793 | M12: =G12/G$4 -> 0.50710237 | N12: =H12/H$4 -> 0.8912112 | O12: =F12*$I$31 -> 336.55836 | P12: =G12*$I$31 -> 470.0839 | Q12: =H12*$I$31 -> 81.99143 | R12: =O12/F$4 -> 0.82489793 | S12: =P12/G$4 -> 0.50710237 | T12: =Q12/H$4 -> 0.8912112
B13: 8 | C13: 291.2105 | D13: 442.43191 | E13: 75.709109 | F13: =parking_demand_data_2024_ver0!D130 -> 291.2105 | G13: =parking_demand_data_2024_ver0!D874 -> 376.06712 | H13: =parking_demand_data_2024_ver0!D1882 -> 75.709109 | L13: =F13/F$4 -> 0.71375123 | M13: =G13/G$4 -> 0.4056819 | N13: =H13/H$4 -> 0.8229251 | O13: =F13*$I$31 -> 291.2105 | P13: =G13*$I$31 -> 376.06712 | Q13: =H13*$I$31 -> 75.709109 | R13: =O13/F$4 -> 0.71375123 | S13: =P13/G$4 -> 0.4056819 | T13: =Q13/H$4 -> 0.8229251
B14: 9 | C14: 255.67205 | D14: 374.06504 | E14: 65.179082 | F14: =parking_demand_data_2024_ver0!D131 -> 255.67205 | G14: =parking_demand_data_2024_ver0!D875 -> 317.95529 | H14: =parking_demand_data_2024_ver0!D1883 -> 65.179082 | L14: =F14/F$4 -> 0.62664719 | M14: =G14/G$4 -> 0.34299384 | N14: =H14/H$4 -> 0.70846829 | O14: =F14*$I$31 -> 255.67205 | P14: =G14*$I$31 -> 317.95529 | Q14: =H14*$I$31 -> 65.179082 | R14: =O14/F$4 -> 0.62664719 | S14: =P14/G$4 -> 0.34299384 | T14: =Q14/H$4 -> 0.70846829
B15: 10 | C15: 236.28444 | D15: 345.96415 | E15: 62.501957 | F15: =parking_demand_data_2024_ver0!D132 -> 236.28444 | G15: =parking_demand_data_2024_ver0!D876 -> 294.06953 | H15: =parking_demand_data_2024_ver0!D1884 -> 62.501957 | L15: =F15/F$4 -> 0.57912854 | M15: =G15/G$4 -> 0.31722711 | N15: =H15/H$4 -> 0.6793691 | O15: =F15*$I$31 -> 236.28444 | P15: =G15*$I$31 -> 294.06953 | Q15: =H15*$I$31 -> 62.501957 | R15: =O15/F$4 -> 0.57912854 | S15: =P15/G$4 -> 0.31722711 | T15: =Q15/H$4 -> 0.6793691
B16: 11 | C16: 230.53752 | D16: 343.54011 | E16: 64.358097 | F16: =parking_demand_data_2024_ver0!D133 -> 230.53752 | G16: =parking_demand_data_2024_ver0!D877 -> 292.0091 | H16: =parking_demand_data_2024_ver0!D1885 -> 64.358097 | L16: =F16/F$4 -> 0.56504294 | M16: =G16/G$4 -> 0.31500442 | N16: =H16/H$4 -> 0.69954453 | O16: =F16*$I$31 -> 230.53752 | P16: =G16*$I$31 -> 292.0091 | Q16: =H16*$I$31 -> 64.358097 | R16: =O16/F$4 -> 0.56504294 | S16: =P16/G$4 -> 0.31500442 | T16: =Q16/H$4 -> 0.69954453
B17: 12 | C17: 232.71739 | D17: 352.92204 | E17: 63.751282 | F17: =parking_demand_data_2024_ver0!D134 -> 232.71739 | G17: =parking_demand_data_2024_ver0!D878 -> 299.98374 | H17: =parking_demand_data_2024_ver0!D1886 -> 63.751282 | L17: =F17/F$4 -> 0.57038575 | M17: =G17/G$4 -> 0.32360705 | N17: =H17/H$4 -> 0.69294872 | O17: =F17*$I$31 -> 232.71739 | P17: =G17*$I$31 -> 299.98374 | Q17: =H17*$I$31 -> 63.751282 | R17: =O17/F$4 -> 0.57038575 | S17: =P17/G$4 -> 0.32360705 | T17: =Q17/H$4 -> 0.69294872
B18: 13 | C18: 238.3322 | D18: 368.85785 | E18: 69.248313 | F18: =parking_demand_data_2024_ver0!D135 -> 238.3322 | G18: =parking_demand_data_2024_ver0!D879 -> 313.52917 | H18: =parking_demand_data_2024_ver0!D1887 -> 69.248313 | L18: =F18/F$4 -> 0.58414754 | M18: =G18/G$4 -> 0.33821917 | N18: =H18/H$4 -> 0.75269906 | O18: =F18*$I$31 -> 238.3322 | P18: =G18*$I$31 -> 313.52917 | Q18: =H18*$I$31 -> 69.248313 | R18: =O18/F$4 -> 0.58414754 | S18: =P18/G$4 -> 0.33821917 | T18: =Q18/H$4 -> 0.75269906
... B24: 19 | C24: 393.73034 | D24: 705.08096 | E24: 96.554993 | F24: =parking_demand_data_2024_ver0!D141 -> 393.73034 | G24: =parking_demand_data_2024_ver0!D885 -> 599.31882 | H24: =parking_demand_data_2024_ver0!D1893 -> 96.554993 | L24: =F24/F$4 -> 0.96502534 | M24: =G24/G$4 -> 0.64651436 | N24: =H24/H$4 -> 1.0495108 | O24: =F24*$I$31 -> 393.73034 | P24: =G24*$I$31 -> 599.31882 | Q24: =H24*$I$31 -> 96.554993 | R24: =O24/F$4 -> 0.96502534 | S24: =P24/G$4 -> 0.64651436 | T24: =Q24/H$4 -> 1.0495108
B25: 20 | C25: 419.16213 | D25: 771.96647 | E25: 97.982794 | F25: =parking_demand_data_2024_ver0!D142 -> 419.16213 | G25: =parking_demand_data_2024_ver0!D886 -> 656.1715 | H25: =parking_demand_data_2024_ver0!D1894 -> 97.982794 | I25: 1 | L25: =F25/F$4 -> 1.0273582 | M25: =G25/G$4 -> 0.70784412 | N25: =H25/H$4 -> 1.0650304 | O25: =F25*$I$31 -> 419.16213 | P25: =G25*$I$31 -> 656.1715 | Q25: =H25*$I$31 -> 97.982794 | R25: =O25/F$4 -> 1.0273582 | S25: =P25/G$4 -> 0.70784412 | T25: =Q25/H$4 -> 1.0650304
B26: 21 | C26: 439.40848 | D26: 820.67168 | E26: 100.90978 | F26: =parking_demand_data_2024_ver0!D143 -> 439.40848 | G26: =parking_demand_data_2024_ver0!D887 -> 697.57093 | H26: =parking_demand_data_2024_ver0!D1895 -> 100.90978 | I26: 1 | J26: 0.7 | K26: 1 | L26: =F26/F$4 -> 1.0769816 | M26: =G26/G$4 -> 0.7525037 | N26: =H26/H$4 -> 1.0968455 | O26: =F26*$I$31 -> 439.40848 | P26: =G26*$I$31 -> 697.57093 | Q26: =H26*$I$31 -> 100.90978 | R26: =O26/F$4 -> 1.0769816 | S26: =P26/G$4 -> 0.7525037 | T26: =Q26/H$4 -> 1.0968455
B27: 22 | C27: 449.48211 | D27: 859.90519 | E27: 102.87301 | F27: =parking_demand_data_2024_ver0!D144 -> 449.48211 | G27: =parking_demand_data_2024_ver0!D888 -> 730.91941 | H27: =parking_demand_data_2024_ver0!D1896 -> 102.87301 | I27: 1 | J27: 0.7 | K27: 1 | L27: =F27/F$4 -> 1.1016718 | M27: =G27/G$4 -> 0.78847833 | N27: =H27/H$4 -> 1.1181849 | O27: =F27*$I$31 -> 449.48211 | P27: =G27*$I$31 -> 730.91941 | Q27: =H27*$I$31 -> 102.87301 | R27: =O27/F$4 -> 1.1016718 | S27: =P27/G$4 -> 0.78847833 | T27: =Q27/H$4 -> 1.1181849
B28: 23 | C28: 458.03644 | D28: 893.43772 | E28: 103.69399 | F28: =parking_demand_data_2024_ver0!D145 -> 458.03644 | G28: =parking_demand_data_2024_ver0!D889 -> 759.42207 | H28: =parking_demand_data_2024_ver0!D1897 -> 103.69399 | I28: 1 | J28: 0.7 | K28: 1 | L28: =F28/F$4 -> 1.1226383 | M28: =G28/G$4 -> 0.81922553 | N28: =H28/H$4 -> 1.1271086 | O28: =F28*$I$31 -> 458.03644 | P28: =G28*$I$31 -> 759.42207 | Q28: =H28*$I$31 -> 103.69399 | R28: =O28/F$4 -> 1.1226383 | S28: =P28/G$4 -> 0.81922553 | T28: =Q28/H$4 -> 1.1271086
I30: calib demand factor
I31: 1

Sheet parking_demand_data_2024_calibr
A1: county_fips | B1: county_name | C1: hour | D1: designated_expanded_daily_parking_demand | E1: undesignated_expanded_daily_parking_demand | F1: total_expanded_daily_parking_demand | G1: truck_parking_lots: total | H1: truck_parking_lots : private - large | I1: truck_parking_lots : private - medium | J1: truck_parking_lots : private - small | K1: truck_parking_lots : public - large | L1: truck_parking_lots : public - medium | M1: truck_parking_lots : public - small | N1: truck_parking_spaces: total | O1: truck_parking_spaces : private - large | P1: truck_parking_spaces : private - medium | Q1: truck_parking_spaces : private - small | R1: truck_parking_spaces : public - large | S1: truck_parking_spaces : public - medium | T1: truck_parking_spaces : public - small
A2: 18001 | B2: Adams County | C2: 0 | D2: =parking_demand_data_2024_ver0!D2*calibration!$I$31 -> 17.063529 | E2: =parking_demand_data_2024_ver0!E2*calibration!$I$31 -> 0 | F2: =SUM(D2:E2) -> 17.063529 | G2: =parking_demand_data_2024_ver0!F2 -> 1 | H2: =parking_demand_data_2024_ver0!G2 -> 0 | I2: =parking_demand_data_2024_ver0!H2 -> 0 | J2: =parking_demand_data_2024_ver0!I2 -> 1 | K2: =parking_demand_data_2024_ver0!J2 -> 0 | L2: =parking_demand_data_2024_ver0!K2 -> 0 | M2: =parking_demand_data_2024_ver0!L2 -> 0 | N2: =parking_demand_data_2024_ver0!M2 -> 30 | ... T2: =parking_demand_data_2024_ver0!S2 -> 0
A3: 18001 | B3: Adams County | C3: 1 | D3: =parking_demand_data_2024_ver0!D3*calibration!$I$31 -> 17.732687 | E3: =parking_demand_data_2024_ver0!E3*calibration!$I$31 -> 0 | F3: =SUM(D3:E3) -> 17.732687 | G3: =parking_demand_data_2024_ver0!F3 -> 1 | H3: =parking_demand_data_2024_ver0!G3 -> 0 | I3: =parking_demand_data_2024_ver0!H3 -> 0 | J3: =parking_demand_data_2024_ver0!I3 -> 1 | K3: =parking_demand_data_2024_ver0!J3 -> 0 | L3: =parking_demand_data_2024_ver0!K3 -> 0 | M3: =parking_demand_data_2024_ver0!L3 -> 0 | N3: =parking_demand_data_2024_ver0!M3 -> 30 | ... T3: =parking_demand_data_2024_ver0!S3 -> 0
A4: 18001 | B4: Adams County | C4: 2 | D4: =parking_demand_data_2024_ver0!D4*calibration!$I$31 -> 17.933435 | E4: =parking_demand_data_2024_ver0!E4*calibration!$I$31 -> 0 | F4: =SUM(D4:E4) -> 17.933435 | G4: =parking_demand_data_2024_ver0!F4 -> 1 | H4: =parking_demand_data_2024_ver0!G4 -> 0 | I4: =parking_demand_data_2024_ver0!H4 -> 0 | J4: =parking_demand_data_2024_ver0!I4 -> 1 | K4: =parking_demand_data_2024_ver0!J4 -> 0 | L4: =parking_demand_data_2024_ver0!K4 -> 0 | M4: =parking_demand_data_2024_ver0!L4 -> 0 | N4: =parking_demand_data_2024_ver0!M4 -> 30 | ... T4: =parking_demand_data_2024_ver0!S4 -> 0
A5: 18001 | B5: Adams County | C5: 3 | D5: =parking_demand_data_2024_ver0!D5*calibration!$I$31 -> 18.201098 | E5: =parking_demand_data_2024_ver0!E5*calibration!$I$31 -> 0 | F5: =SUM(D5:E5) -> 18.201098 | G5: =parking_demand_data_2024_ver0!F5 -> 1 | H5: =parking_demand_data_2024_ver0!G5 -> 0 | I5: =parking_demand_data_2024_ver0!H5 -> 0 | J5: =parking_demand_data_2024_ver0!I5 -> 1 | K5: =parking_demand_data_2024_ver0!J5 -> 0 | L5: =parking_demand_data_2024_ver0!K5 -> 0 | M5: =parking_demand_data_2024_ver0!L5 -> 0 | N5: =parking_demand_data_2024_ver0!M5 -> 30 | ... T5: =parking_demand_data_2024_ver0!S5 -> 0
A6: 18001 | B6: Adams County | C6: 4 | D6: =parking_demand_data_2024_ver0!D6*calibration!$I$31 -> 18.067266 | E6: =parking_demand_data_2024_ver0!E6*calibration!$I$31 -> 0 | F6: =SUM(D6:E6) -> 18.067266 | G6: =parking_demand_data_2024_ver0!F6 -> 1 | H6: =parking_demand_data_2024_ver0!G6 -> 0 | I6: =parking_demand_data_2024_ver0!H6 -> 0 | J6: =parking_demand_data_2024_ver0!I6 -> 1 | K6: =parking_demand_data_2024_ver0!J6 -> 0 | L6: =parking_demand_data_2024_ver0!K6 -> 0 | M6: =parking_demand_data_2024_ver0!L6 -> 0 | N6: =parking_demand_data_2024_ver0!M6 -> 30 | ... T6: =parking_demand_data_2024_ver0!S6 -> 0
A7: 18001 | B7: Adams County | C7: 5 | D7: =parking_demand_data_2024_ver0!D7*calibration!$I$31 -> 17.53194 | E7: =parking_demand_data_2024_ver0!E7*calibration!$I$31 -> 0.1338316 | F7: =SUM(D7:E7) -> 17.665771 | G7: =parking_demand_data_2024_ver0!F7 -> 1 | H7: =parking_demand_data_2024_ver0!G7 -> 0 | I7: =parking_demand_data_2024_ver0!H7 -> 0 | J7: =parking_demand_data_2024_ver0!I7 -> 1 | K7: =parking_demand_data_2024_ver0!J7 -> 0 | L7: =parking_demand_data_2024_ver0!K7 -> 0 | M7: =parking_demand_data_2024_ver0!L7 -> 0 | N7: =parking_demand_data_2024_ver0!M7 -> 30 | ... T7: =parking_demand_data_2024_ver0!S7 -> 0
A8: 18001 | B8: Adams County | C8: 6 | D8: =parking_demand_data_2024_ver0!D8*calibration!$I$31 -> 17.933435 | E8: =parking_demand_data_2024_ver0!E8*calibration!$I$31 -> 0.4014948 | F8: =SUM(D8:E8) -> 18.334929 | G8: =parking_demand_data_2024_ver0!F8 -> 1 | H8: =parking_demand_data_2024_ver0!G8 -> 0 | I8: =parking_demand_data_2024_ver0!H8 -> 0 | J8: =parking_demand_data_2024_ver0!I8 -> 1 | K8: =parking_demand_data_2024_ver0!J8 -> 0 | L8: =parking_demand_data_2024_ver0!K8 -> 0 | M8: =parking_demand_data_2024_ver0!L8 -> 0 | N8: =parking_demand_data_2024_ver0!M8 -> 30 | ... T8: =parking_demand_data_2024_ver0!S8 -> 0
A9: 18001 | B9: Adams County | C9: 7 | D9: =parking_demand_data_2024_ver0!D9*calibration!$I$31 -> 15.925961 | E9: =parking_demand_data_2024_ver0!E9*calibration!$I$31 -> 1.1375686 | F9: =SUM(D9:E9) -> 17.063529 | G9: =parking_demand_data_2024_ver0!F9 -> 1 | H9: =parking_demand_data_2024_ver0!G9 -> 0 | I9: =parking_demand_data_2024_ver0!H9 -> 0 | J9: =parking_demand_data_2024_ver0!I9 -> 1 | K9: =parking_demand_data_2024_ver0!J9 -> 0 | L9: =parking_demand_data_2024_ver0!K9 -> 0 | M9: =parking_demand_data_2024_ver0!L9 -> 0 | N9: =parking_demand_data_2024_ver0!M9 -> 30 | ... T9: =parking_demand_data_2024_ver0!S9 -> 0
A10: 18001 | B10: Adams County | C10: 8 | D10: =parking_demand_data_2024_ver0!D10*calibration!$I$31 -> 11.576433 | E10: =parking_demand_data_2024_ver0!E10*calibration!$I$31 -> 1.8736424 | F10: =SUM(D10:E10) -> 13.450076 | G10: =parking_demand_data_2024_ver0!F10 -> 1 | H10: =parking_demand_data_2024_ver0!G10 -> 0 | I10: =parking_demand_data_2024_ver0!H10 -> 0 | J10: =parking_demand_data_2024_ver0!I10 -> 1 | K10: =parking_demand_data_2024_ver0!J10 -> 0 | L10: =parking_demand_data_2024_ver0!K10 -> 0 | M10: =parking_demand_data_2024_ver0!L10 -> 0 | N10: =parking_demand_data_2024_ver0!M10 -> 30 | ... T10: =parking_demand_data_2024_ver0!S10 -> 0
A11: 18001 | B11: Adams County | C11: 9 | D11: =parking_demand_data_2024_ver0!D11*calibration!$I$31 -> 8.1637277 | E11: =parking_demand_data_2024_ver0!E11*calibration!$I$31 -> 2.9442952 | F11: =SUM(D11:E11) -> 11.108023 | G11: =parking_demand_data_2024_ver0!F11 -> 1 | H11: =parking_demand_data_2024_ver0!G11 -> 0 | I11: =parking_demand_data_2024_ver0!H11 -> 0 | J11: =parking_demand_data_2024_ver0!I11 -> 1 | K11: =parking_demand_data_2024_ver0!J11 -> 0 | L11: =parking_demand_data_2024_ver0!K11 -> 0 | M11: =parking_demand_data_2024_ver0!L11 -> 0 | N11: =parking_demand_data_2024_ver0!M11 -> 30 | ... T11: =parking_demand_data_2024_ver0!S11 -> 0
A12: 18001 | B12: Adams County | C12: 10 | D12: =parking_demand_data_2024_ver0!D12*calibration!$I$31 -> 8.6321383 | E12: =parking_demand_data_2024_ver0!E12*calibration!$I$31 -> 6.5577485 | F12: =SUM(D12:E12) -> 15.189887 | G12: =parking_demand_data_2024_ver0!F12 -> 1 | H12: =parking_demand_data_2024_ver0!G12 -> 0 | I12: =parking_demand_data_2024_ver0!H12 -> 0 | J12: =parking_demand_data_2024_ver0!I12 -> 1 | K12: =parking_demand_data_2024_ver0!J12 -> 0 | L12: =parking_demand_data_2024_ver0!K12 -> 0 | M12: =parking_demand_data_2024_ver0!L12 -> 0 | N12: =parking_demand_data_2024_ver0!M12 -> 30 | ... T12: =parking_demand_data_2024_ver0!S12 -> 0
A13: 18001 | B13: Adams County | C13: 11 | D13: =parking_demand_data_2024_ver0!D13*calibration!$I$31 -> 10.371949 | E13: =parking_demand_data_2024_ver0!E13*calibration!$I$31 -> 6.1562537 | F13: =SUM(D13:E13) -> 16.528203 | G13: =parking_demand_data_2024_ver0!F13 -> 1 | H13: =parking_demand_data_2024_ver0!G13 -> 0 | I13: =parking_demand_data_2024_ver0!H13 -> 0 | J13: =parking_demand_data_2024_ver0!I13 -> 1 | K13: =parking_demand_data_2024_ver0!J13 -> 0 | L13: =parking_demand_data_2024_ver0!K13 -> 0 | M13: =parking_demand_data_2024_ver0!L13 -> 0 | N13: =parking_demand_data_2024_ver0!M13 -> 30 | ... T13: =parking_demand_data_2024_ver0!S13 -> 0
... A2209: 18183 | B2209: Whitley County | C2209: 23 | D2209: =parking_demand_data_2024_ver0!D2209*calibration!$I$31 -> 0 | E2209: =parking_demand_data_2024_ver0!E2209*calibration!$I$31 -> 0.055472047 | F2209: =SUM(D2209:E2209) -> 0.055472047 | G2209: =parking_demand_data_2024_ver0!F2209 -> 0 | H2209: =parking_demand_data_2024_ver0!G2209 -> 0 | I2209: =parking_demand_data_2024_ver0!H2209 -> 0 | J2209: =parking_demand_data_2024_ver0!I2209 -> 0 | K2209: =parking_demand_data_2024_ver0!J2209 -> 0 | L2209: =parking_demand_data_2024_ver0!K2209 -> 0 | M2209: =parking_demand_data_2024_ver0!L2209 -> 0 | N2209: =parking_demand_data_2024_ver0!M2209 -> 0 | ... T2209: =parking_demand_data_2024_ver0!S2209 -> 0

Sheet diagnosis
A1: county_fips | B1: county name | C1: parking spaces | D1: max designated demand | E1: sum designated demand hours | F1: sum undesignated demand hours | G1: sum total demand hours | H1: undesignated hour% | I1: max dem/supply | J1: diagnosis1 | K1: diagnosis2 | L1: diagnosis3 | M1: diagnosis4
A2: 18001 | B2: =OFFSET(parking_demand_data_2024_calibr!B$1,MATCH(A2,parking_demand_data_2024_calibr!A:A,0)-1,0) -> Adams County | C2: =OFFSET(parking_demand_data_2024_calibr!H$1,MATCH(A2,parking_demand_data_2024_calibr!A:A,0)-1,0) -> 0 | D2: =_xlfn.MAXIFS(parking_demand_data_2024_calibr!D:D,parking_demand_data_2024_calibr!$A:$A,$A2) -> 18.201098 | E2: =SUMIFS(parking_demand_data_2024_calibr!D:D,parking_demand_data_2024_calibr!$A:$A,$A2) -> 309.82016 | F2: =SUMIFS(parking_demand_data_2024_calibr!E:E,parking_demand_data_2024_calibr!$A:$A,$A2) -> 40.818638 | G2: =SUM(E2:F2) -> 350.63879 | H2: =F2/SUM(E2:F2) -> 0.11641221 | I2: =D2/C2 -> #DIV/0! | J2: =IFERROR(IF(AND(G2>=1000,OR(I2>=0.9,H2>0.5)),1,0),0) -> 0 | K2: =IFERROR(IF(AND(J2=0,G2>=300,OR(I2>=0.7,H2>0.2)),1,0),0) -> 0 | L2: =IF(SUM(J2,K2,M2)=0,1,0) -> 0 | M2: =IF(AND(C2=0,J2=0,K2=0),1,0) -> 1
A3: 18003 | B3: =OFFSET(parking_demand_data_2024_calibr!B$1,MATCH(A3,parking_demand_data_2024_calibr!A:A,0)-1,0) -> Allen County | C3: =OFFSET(parking_demand_data_2024_calibr!H$1,MATCH(A3,parking_demand_data_2024_calibr!A:A,0)-1,0) -> 1 | D3: =_xlfn.MAXIFS(parking_demand_data_2024_calibr!D:D,parking_demand_data_2024_calibr!$A:$A,$A3) -> 394.45 | E3: =SUMIFS(parking_demand_data_2024_calibr!D:D,parking_demand_data_2024_calibr!$A:$A,$A3) -> 7506.2459 | F3: =SUMIFS(parking_demand_data_2024_calibr!E:E,parking_demand_data_2024_calibr!$A:$A,$A3) -> 517.95103 | G3: =SUM(E3:F3) -> 8024.197 | H3: =F3/SUM(E3:F3) -> 0.064548644 | I3: =D3/C3 -> 394.45 | J3: =IFERROR(IF(AND(G3>=1000,OR(I3>=0.9,H3>0.5)),1,0),0) -> 1 | K3: =IFERROR(IF(AND(J3=0,G3>=300,OR(I3>=0.7,H3>0.2)),1,0),0) -> 0 | L3: =IF(SUM(J3,K3,M3)=0,1,0) -> 0 | M3: =IF(AND(C3=0,J3=0,K3=0),1,0) -> 0 | P3: diagnosis1 | Q3: =SUM(J:J) -> 16 | R3: tot dem hour > 1000 & (max dem/sup>0.9 OR undesignated% > 0.5)
A4: 18005 | B4: =OFFSET(parking_demand_data_2024_calibr!B$1,MATCH(A4,parking_demand_data_2024_calibr!A:A,0)-1,0) -> Bartholomew County | C4: =OFFSET(parking_demand_data_2024_calibr!H$1,MATCH(A4,parking_demand_data_2024_calibr!A:A,0)-1,0) -> 0 | D4: =_xlfn.MAXIFS(parking_demand_data_2024_calibr!D:D,parking_demand_data_2024_calibr!$A:$A,$A4) -> 95.45 | E4: =SUMIFS(parking_demand_data_2024_calibr!D:D,parking_demand_data_2024_calibr!$A:$A,$A4) -> 1682.1364 | F4: =SUMIFS(parking_demand_data_2024_calibr!E:E,parking_demand_data_2024_calibr!$A:$A,$A4) -> 316.62946 | G4: =SUM(E4:F4) -> 1998.7659 | H4: =F4/SUM(E4:F4) -> 0.15841248 | I4: =D4/C4 -> #DIV/0! | J4: =IFERROR(IF(AND(G4>=1000,OR(I4>=0.9,H4>0.5)),1,0),0) -> 0 | K4: =IFERROR(IF(AND(J4=0,G4>=300,OR(I4>=0.7,H4>0.2)),1,0),0) -> 0 | L4: =IF(SUM(J4,K4,M4)=0,1,0) -> 0 | M4: =IF(AND(C4=0,J4=0,K4=0),1,0) -> 1 | P4: diagnosis2 | Q4: =SUM(K:K) -> 1 | R4: not 1 & tot dem hour > 300 & (max dem/sup>0.7 OR undesignated% > 0.2)
A5: 18007 | B5: =OFFSET(parking_demand_data_2024_calibr!B$1,MATCH(A5,parking_demand_data_2024_calibr!A:A,0)-1,0) -> Benton County | C5: =OFFSET(parking_demand_data_2024_calibr!H$1,MATCH(A5,parking_demand_data_2024_calibr!A:A,0)-1,0) -> 0 | D5: =_xlfn.MAXIFS(parking_demand_data_2024_calibr!D:D,parking_demand_data_2024_calibr!$A:$A,$A5) -> 0 | E5: =SUMIFS(parking_demand_data_2024_calibr!D:D,parking_demand_data_2024_calibr!$A:$A,$A5) -> 0 | F5: =SUMIFS(parking_demand_data_2024_calibr!E:E,parking_demand_data_2024_calibr!$A:$A,$A5) -> 15.308433 | G5: =SUM(E5:F5) -> 15.308433 | H5: =F5/SUM(E5:F5) -> 1 | I5: =D5/C5 -> #DIV/0! | J5: =IFERROR(IF(AND(G5>=1000,OR(I5>=0.9,H5>0.5)),1,0),0) -> 0 | K5: =IFERROR(IF(AND(J5=0,G5>=300,OR(I5>=0.7,H5>0.2)),1,0),0) -> 0 | L5: =IF(SUM(J5,K5,M5)=0,1,0) -> 0 | M5: =IF(AND(C5=0,J5=0,K5=0),1,0) -> 1 | P5: diagnosis3 | Q5: =SUM(L:L) -> 0 | R5: all others
A6: 18009 | B6: =OFFSET(parking_demand_data_2024_calibr!B$1,MATCH(A6,parking_demand_data_2024_calibr!A:A,0)-1,0) -> Blackford County | C6: =OFFSET(parking_demand_data_2024_calibr!H$1,MATCH(A6,parking_demand_data_2024_calibr!A:A,0)-1,0) -> 0 | D6: =_xlfn.MAXIFS(parking_demand_data_2024_calibr!D:D,parking_demand_data_2024_calibr!$A:$A,$A6) -> 0 | E6: =SUMIFS(parking_demand_data_2024_calibr!D:D,parking_demand_data_2024_calibr!$A:$A,$A6) -> 0 | F6: =SUMIFS(parking_demand_data_2024_calibr!E:E,parking_demand_data_2024_calibr!$A:$A,$A6) -> 0 | G6: =SUM(E6:F6) -> 0 | H6: =F6/SUM(E6:F6) -> #DIV/0! | I6: =D6/C6 -> #DIV/0! | J6: =IFERROR(IF(AND(G6>=1000,OR(I6>=0.9,H6>0.5)),1,0),0) -> 0 | K6: =IFERROR(IF(AND(J6=0,G6>=300,OR(I6>=0.7,H6>0.2)),1,0),0) -> 0 | L6: =IF(SUM(J6,K6,M6)=0,1,0) -> 0 | M6: =IF(AND(C6=0,J6=0,K6=0),1,0) -> 1 | P6: diagnosis4 | Q6: =SUM(M:M) -> 75 | R6: not 1 & not 2 & 0 parking spaces
A7: 18011 | B7: =OFFSET(parking_demand_data_2024_calibr!B$1,MATCH(A7,parking_demand_data_2024_calibr!A:A,0)-1,0) -> Boone County | C7: =OFFSET(parking_demand_data_2024_calibr!H$1,MATCH(A7,parking_demand_data_2024_calibr!A:A,0)-1,0) -> 2 | D7: =_xlfn.MAXIFS(parking_demand_data_2024_calibr!D:D,parking_demand_data_2024_calibr!$A:$A,$A7) -> 469.2 | E7: =SUMIFS(parking_demand_data_2024_calibr!D:D,parking_demand_data_2024_calibr!$A:$A,$A7) -> 8532.4975 | F7: =SUMIFS(parking_demand_data_2024_calibr!E:E,parking_demand_data_2024_calibr!$A:$A,$A7) -> 342.63556 | G7: =SUM(E7:F7) -> 8875.133 | H7: =F7/SUM(E7:F7) -> 0.038606245 | I7: =D7/C7 -> 234.6 | J7: =IFERROR(IF(AND(G7>=1000,OR(I7>=0.9,H7>0.5)),1,0),0) -> 1 | K7: =IFERROR(IF(AND(J7=0,G7>=300,OR(I7>=0.7,H7>0.2)),1,0),0) -> 0 | L7: =IF(SUM(J7,K7,M7)=0,1,0) -> 0 | M7: =IF(AND(C7=0,J7=0,K7=0),1,0) -> 0 | P7: sum | Q7: =SUM(Q3:Q6) -> 92
A8: 18013 | B8: =OFFSET(parking_demand_data_2024_calibr!B$1,MATCH(A8,parking_demand_data_2024_calibr!A:A,0)-1,0) -> Brown County | C8: =OFFSET(parking_demand_data_2024_calibr!H$1,MATCH(A8,parking_demand_data_2024_calibr!A:A,0)-1,0) -> 0 | D8: =_xlfn.MAXIFS(parking_demand_data_2024_calibr!D:D,parking_demand_data_2024_calibr!$A:$A,$A8) -> 0 | E8: =SUMIFS(parking_demand_data_2024_calibr!D:D,parking_demand_data_2024_calibr!$A:$A,$A8) -> 0 | F8: =SUMIFS(parking_demand_data_2024_calibr!E:E,parking_demand_data_2024_calibr!$A:$A,$A8) -> 0 | G8: =SUM(E8:F8) -> 0 | H8: =F8/SUM(E8:F8) -> #DIV/0! | I8: =D8/C8 -> #DIV/0! | J8: =IFERROR(IF(AND(G8>=1000,OR(I8>=0.9,H8>0.5)),1,0),0) -> 0 | K8: =IFERROR(IF(AND(J8=0,G8>=300,OR(I8>=0.7,H8>0.2)),1,0),0) -> 0 | L8: =IF(SUM(J8,K8,M8)=0,1,0) -> 0 | M8: =IF(AND(C8=0,J8=0,K8=0),1,0) -> 1 | P8: total | Q8: 92
A9: 18015 | B9: =OFFSET(parking_demand_data_2024_calibr!B$1,MATCH(A9,parking_demand_data_2024_calibr!A:A,0)-1,0) -> Carroll County | C9: =OFFSET(parking_demand_data_2024_calibr!H$1,MATCH(A9,parking_demand_data_2024_calibr!A:A,0)-1,0) -> 0 | D9: =_xlfn.MAXIFS(parking_demand_data_2024_calibr!D:D,parking_demand_data_2024_calibr!$A:$A,$A9) -> 0 | E9: =SUMIFS(parking_demand_data_2024_calibr!D:D,parking_demand_data_2024_calibr!$A:$A,$A9) -> 0 | F9: =SUMIFS(parking_demand_data_2024_calibr!E:E,parking_demand_data_2024_calibr!$A:$A,$A9) -> 36.167086 | G9: =SUM(E9:F9) -> 36.167086 | H9: =F9/SUM(E9:F9) -> 1 | I9: =D9/C9 -> #DIV/0! | J9: =IFERROR(IF(AND(G9>=1000,OR(I9>=0.9,H9>0.5)),1,0),0) -> 0 | K9: =IFERROR(IF(AND(J9=0,G9>=300,OR(I9>=0.7,H9>0.2)),1,0),0) -> 0 | L9: =IF(SUM(J9,K9,M9)=0,1,0) -> 0 | M9: =IF(AND(C9=0,J9=0,K9=0),1,0) -> 1
A10: 18017 | B10: =OFFSET(parking_demand_data_2024_calibr!B$1,MATCH(A10,parking_demand_data_2024_calibr!A:A,0)-1,0) -> Cass County | C10: =OFFSET(parking_demand_data_2024_calibr!H$1,MATCH(A10,parking_demand_data_2024_calibr!A:A,0)-1,0) -> 0 | D10: =_xlfn.MAXIFS(parking_demand_data_2024_calibr!D:D,parking_demand_data_2024_calibr!$A:$A,$A10) -> 24.720062 | E10: =SUMIFS(parking_demand_data_2024_calibr!D:D,parking_demand_data_2024_calibr!$A:$A,$A10) -> 417.94046 | F10: =SUMIFS(parking_demand_data_2024_calibr!E:E,parking_demand_data_2024_calibr!$A:$A,$A10) -> 40.869299 | G10: =SUM(E10:F10) -> 458.80976 | H10: =F10/SUM(E10:F10) -> 0.089076787 | I10: =D10/C10 -> #DIV/0! | J10: =IFERROR(IF(AND(G10>=1000,OR(I10>=0.9,H10>0.5)),1,0),0) -> 0 | K10: =IFERROR(IF(AND(J10=0,G10>=300,OR(I10>=0.7,H10>0.2)),1,0),0) -> 0 | L10: =IF(SUM(J10,K10,M10)=0,1,0) -> 0 | M10: =IF(AND(C10=0,J10=0,K10=0),1,0) -> 1
A11: 18019 | B11: =OFFSET(parking_demand_data_2024_calibr!B$1,MATCH(A11,parking_demand_data_2024_calibr!A:A,0)-1,0) -> Clark County | C11: =OFFSET(parking_demand_data_2024_calibr!H$1,MATCH(A11,parking_demand_data_2024_calibr!A:A,0)-1,0) -> 1 | D11: =_xlfn.MAXIFS(parking_demand_data_2024_calibr!D:D,parking_demand_data_2024_calibr!$A:$A,$A11) -> 425.21774 | E11: =SUMIFS(parking_demand_data_2024_calibr!D:D,parking_demand_data_2024_calibr!$A:$A,$A11) -> 7329.462 | F11: =SUMIFS(parking_demand_data_2024_calibr!E:E,parking_demand_data_2024_calibr!$A:$A,$A11) -> 648.04626 | G11: =SUM(E11:F11) -> 7977.5083 | H11: =F11/SUM(E11:F11) -> 0.08123417 | I11: =D11/C11 -> 425.21774 | J11: =IFERROR(IF(AND(G11>=1000,OR(I11>=0.9,H11>0.5)),1,0),0) -> 1 | K11: =IFERROR(IF(AND(J11=0,G11>=300,OR(I11>=0.7,H11>0.2)),1,0),0) -> 0 | L11: =IF(SUM(J11,K11,M11)=0,1,0) -> 0 | M11: =IF(AND(C11=0,J11=0,K11=0),1,0) -> 0 | P11: =COUNTIFS(G:G,">=1000") -> 34
A12: 18021 | B12: =OFFSET(parking_demand_data_2024_calibr!B$1,MATCH(A12,parking_demand_data_2024_calibr!A:A,0)-1,0) -> Clay County | C12: =OFFSET(parking_demand_data_2024_calibr!H$1,MATCH(A12,parking_demand_data_2024_calibr!A:A,0)-1,0) -> 0 | D12: =_xlfn.MAXIFS(parking_demand_data_2024_calibr!D:D,parking_demand_data_2024_calibr!$A:$A,$A12) -> 181.7 | E12: =SUMIFS(parking_demand_data_2024_calibr!D:D,parking_demand_data_2024_calibr!$A:$A,$A12) -> 2887.2563 | F12: =SUMIFS(parking_demand_data_2024_calibr!E:E,parking_demand_data_2024_calibr!$A:$A,$A12) -> 203.15088 | G12: =SUM(E12:F12) -> 3090.4072 | H12: =F12/SUM(E12:F12) -> 0.065735959 | I12: =D12/C12 -> #DIV/0! | J12: =IFERROR(IF(AND(G12>=1000,OR(I12>=0.9,H12>0.5)),1,0),0) -> 0 | K12: =IFERROR(IF(AND(J12=0,G12>=300,OR(I12>=0.7,H12>0.2)),1,0),0) -> 0 | L12: =IF(SUM(J12,K12,M12)=0,1,0) -> 0 | M12: =IF(AND(C12=0,J12=0,K12=0),1,0) -> 1 | P12: =COUNTIFS(G:G,">=300") -> 52
A13: 18023 | B13: =OFFSET(parking_demand_data_2024_calibr!B$1,MATCH(A13,parking_demand_data_2024_calibr!A:A,0)-1,0) -> Clinton County | C13: =OFFSET(parking_demand_data_2024_calibr!H$1,MATCH(A13,parking_demand_data_2024_calibr!A:A,0)-1,0) -> 0 | D13: =_xlfn.MAXIFS(parking_demand_data_2024_calibr!D:D,parking_demand_data_2024_calibr!$A:$A,$A13) -> 57.5 | E13: =SUMIFS(parking_demand_data_2024_calibr!D:D,parking_demand_data_2024_calibr!$A:$A,$A13) -> 902.91233 | F13: =SUMIFS(parking_demand_data_2024_calibr!E:E,parking_demand_data_2024_calibr!$A:$A,$A13) -> 122.58265 | G13: =SUM(E13:F13) -> 1025.495 | H13: =F13/SUM(E13:F13) -> 0.11953511 | I13: =D13/C13 -> #DIV/0! | J13: =IFERROR(IF(AND(G13>=1000,OR(I13>=0.9,H13>0.5)),1,0),0) -> 0 | K13: =IFERROR(IF(AND(J13=0,G13>=300,OR(I13>=0.7,H13>0.2)),1,0),0) -> 0 | L13: =IF(SUM(J13,K13,M13)=0,1,0) -> 0 | M13: =IF(AND(C13=0,J13=0,K13=0),1,0) -> 1
A14: 18025 | B14: =OFFSET(parking_demand_data_2024_calibr!B$1,MATCH(A14,parking_demand_data_2024_calibr!A:A,0)-1,0) -> Crawford County | C14: =OFFSET(parking_demand_data_2024_calibr!H$1,MATCH(A14,parking_demand_data_2024_calibr!A:A,0)-1,0) -> 0 | D14: =_xlfn.MAXIFS(parking_demand_data_2024_calibr!D:D,parking_demand_data_2024_calibr!$A:$A,$A14) -> 86.25 | E14: =SUMIFS(parking_demand_data_2024_calibr!D:D,parking_demand_data_2024_calibr!$A:$A,$A14) -> 1529.2075 | F14: =SUMIFS(parking_demand_data_2024_calibr!E:E,parking_demand_data_2024_calibr!$A:$A,$A14) -> 96.914237 | G14: =SUM(E14:F14) -> 1626.1218 | H14: =F14/SUM(E14:F14) -> 0.059598388 | I14: =D14/C14 -> #DIV/0! | J14: =IFERROR(IF(AND(G14>=1000,OR(I14>=0.9,H14>0.5)),1,0),0) -> 0 | K14: =IFERROR(IF(AND(J14=0,G14>=300,OR(I14>=0.7,H14>0.2)),1,0),0) -> 0 | L14: =IF(SUM(J14,K14,M14)=0,1,0) -> 0 | M14: =IF(AND(C14=0,J14=0,K14=0),1,0) -> 1
A15: 18027 | B15: =OFFSET(parking_demand_data_2024_calibr!B$1,MATCH(A15,parking_demand_data_2024_calibr!A:A,0)-1,0) -> Daviess County | C15: =OFFSET(parking_demand_data_2024_calibr!H$1,MATCH(A15,parking_demand_data_2024_calibr!A:A,0)-1,0) -> 0 | D15: =_xlfn.MAXIFS(parking_demand_data_2024_calibr!D:D,parking_demand_data_2024_calibr!$A:$A,$A15) -> 23 | E15: =SUMIFS(parking_demand_data_2024_calibr!D:D,parking_demand_data_2024_calibr!$A:$A,$A15) -> 401.49195 | F15: =SUMIFS(parking_demand_data_2024_calibr!E:E,parking_demand_data_2024_calibr!$A:$A,$A15) -> 64.186047 | G15: =SUM(E15:F15) -> 465.678 | H15: =F15/SUM(E15:F15) -> 0.13783354 | I15: =D15/C15 -> #DIV/0! | J15: =IFERROR(IF(AND(G15>=1000,OR(I15>=0.9,H15>0.5)),1,0),0) -> 0 | K15: =IFERROR(IF(AND(J15=0,G15>=300,OR(I15>=0.7,H15>0.2)),1,0),0) -> 0 | L15: =IF(SUM(J15,K15,M15)=0,1,0) -> 0 | M15: =IF(AND(C15=0,J15=0,K15=0),1,0) -> 1
A16: 18029 | B16: =OFFSET(parking_demand_data_2024_calibr!B$1,MATCH(A16,parking_demand_data_2024_calibr!A:A,0)-1,0) -> Dearborn County | C16: =OFFSET(parking_demand_data_2024_calibr!H$1,MATCH(A16,parking_demand_data_2024_calibr!A:A,0)-1,0) -> 0 | D16: =_xlfn.MAXIFS(parking_demand_data_2024_calibr!D:D,parking_demand_data_2024_calibr!$A:$A,$A16) -> 40.091742 | E16: =SUMIFS(parking_demand_data_2024_calibr!D:D,parking_demand_data_2024_calibr!$A:$A,$A16) -> 738.70625 | F16: =SUMIFS(parking_demand_data_2024_calibr!E:E,parking_demand_data_2024_calibr!$A:$A,$A16) -> 125.11169 | G16: =SUM(E16:F16) -> 863.81794 | H16: =F16/SUM(E16:F16) -> 0.14483572 | I16: =D16/C16 -> #DIV/0! | J16: =IFERROR(IF(AND(G16>=1000,OR(I16>=0.9,H16>0.5)),1,0),0) -> 0 | K16: =IFERROR(IF(AND(J16=0,G16>=300,OR(I16>=0.7,H16>0.2)),1,0),0) -> 0 | L16: =IF(SUM(J16,K16,M16)=0,1,0) -> 0 | M16: =IF(AND(C16=0,J16=0,K16=0),1,0) -> 1
A17: 18031 | B17: =OFFSET(parking_demand_data_2024_calibr!B$1,MATCH(A17,parking_demand_data_2024_calibr!A:A,0)-1,0) -> Decatur County | C17: =OFFSET(parking_demand_data_2024_calibr!H$1,MATCH(A17,parking_demand_data_2024_calibr!A:A,0)-1,0) -> 0 | D17: =_xlfn.MAXIFS(parking_demand_data_2024_calibr!D:D,parking_demand_data_2024_calibr!$A:$A,$A17) -> 171.35 | E17: =SUMIFS(parking_demand_data_2024_calibr!D:D,parking_demand_data_2024_calibr!$A:$A,$A17) -> 3097.8558 | F17: =SUMIFS(parking_demand_data_2024_calibr!E:E,parking_demand_data_2024_calibr!$A:$A,$A17) -> 106.1298 | G17: =SUM(E17:F17) -> 3203.9856 | H17: =F17/SUM(E17:F17) -> 0.033124305 | I17: =D17/C17 -> #DIV/0! | J17: =IFERROR(IF(AND(G17>=1000,OR(I17>=0.9,H17>0.5)),1,0),0) -> 0 | K17: =IFERROR(IF(AND(J17=0,G17>=300,OR(I17>=0.7,H17>0.2)),1,0),0) -> 0 | L17: =IF(SUM(J17,K17,M17)=0,1,0) -> 0 | M17: =IF(AND(C17=0,J17=0,K17=0),1,0) -> 1
A18: 18033 | B18: =OFFSET(parking_demand_data_2024_calibr!B$1,MATCH(A18,parking_demand_data_2024_calibr!A:A,0)-1,0) -> DeKalb County | C18: =OFFSET(parking_demand_data_2024_calibr!H$1,MATCH(A18,parking_demand_data_2024_calibr!A:A,0)-1,0) -> 0 | D18: =_xlfn.MAXIFS(parking_demand_data_2024_calibr!D:D,parking_demand_data_2024_calibr!$A:$A,$A18) -> 89.194863 | E18: =SUMIFS(parking_demand_data_2024_calibr!D:D,parking_demand_data_2024_calibr!$A:$A,$A18) -> 1506.566 | F18: =SUMIFS(parking_demand_data_2024_calibr!E:E,parking_demand_data_2024_calibr!$A:$A,$A18) -> 201.20212 | G18: =SUM(E18:F18) -> 1707.7681 | H18: =F18/SUM(E18:F18) -> 0.11781583 | I18: =D18/C18 -> #DIV/0! | J18: =IFERROR(IF(AND(G18>=1000,OR(I18>=0.9,H18>0.5)),1,0),0) -> 0 | K18: =IFERROR(IF(AND(J18=0,G18>=300,OR(I18>=0.7,H18>0.2)),1,0),0) -> 0 | L18: =IF(SUM(J18,K18,M18)=0,1,0) -> 0 | M18: =IF(AND(C18=0,J18=0,K18=0),1,0) -> 1
A19: 18035 | B19: =OFFSET(parking_demand_data_2024_calibr!B$1,MATCH(A19,parking_demand_data_2024_calibr!A:A,0)-1,0) -> Delaware County | C19: =OFFSET(parking_demand_data_2024_calibr!H$1,MATCH(A19,parking_demand_data_2024_calibr!A:A,0)-1,0) -> 1 | D19: =_xlfn.MAXIFS(parking_demand_data_2024_calibr!D:D,parking_demand_data_2024_calibr!$A:$A,$A19) -> 296.24031 | E19: =SUMIFS(parking_demand_data_2024_calibr!D:D,parking_demand_data_2024_calibr!$A:$A,$A19) -> 5125.0798 | F19: =SUMIFS(parking_demand_data_2024_calibr!E:E,parking_demand_data_2024_calibr!$A:$A,$A19) -> 96.9933 | G19: =SUM(E19:F19) -> 5222.0731 | H19: =F19/SUM(E19:F19) -> 0.018573715 | I19: =D19/C19 -> 296.24031 | J19: =IFERROR(IF(AND(G19>=1000,OR(I19>=0.9,H19>0.5)),1,0),0) -> 1 | K19: =IFERROR(IF(AND(J19=0,G19>=300,OR(I19>=0.7,H19>0.2)),1,0),0) -> 0 | L19: =IF(SUM(J19,K19,M19)=0,1,0) -> 0 | M19: =IF(AND(C19=0,J19=0,K19=0),1,0) -> 0
A20: 18037 | B20: =OFFSET(parking_demand_data_2024_calibr!B$1,MATCH(A20,parking_demand_data_2024_calibr!A:A,0)-1,0) -> Dubois County | C20: =OFFSET(parking_demand_data_2024_calibr!H$1,MATCH(A20,parking_demand_data_2024_calibr!A:A,0)-1,0) -> 0 | D20: =_xlfn.MAXIFS(parking_demand_data_2024_calibr!D:D,parking_demand_data_2024_calibr!$A:$A,$A20) -> 21.36708 | E20: =SUMIFS(parking_demand_data_2024_calibr!D:D,parking_demand_data_2024_calibr!$A:$A,$A20) -> 383.18822 | F20: =SUMIFS(parking_demand_data_2024_calibr!E:E,parking_demand_data_2024_calibr!$A:$A,$A20) -> 85.310628 | G20: =SUM(E20:F20) -> 468.49885 | H20: =F20/SUM(E20:F20) -> 0.18209357 | I20: =D20/C20 -> #DIV/0! | J20: =IFERROR(IF(AND(G20>=1000,OR(I20>=0.9,H20>0.5)),1,0),0) -> 0 | K20: =IFERROR(IF(AND(J20=0,G20>=300,OR(I20>=0.7,H20>0.2)),1,0),0) -> 0 | L20: =IF(SUM(J20,K20,M20)=0,1,0) -> 0 | M20: =IF(AND(C20=0,J20=0,K20=0),1,0) -> 1
A21: 18039 | B21: =OFFSET(parking_demand_data_2024_calibr!B$1,MATCH(A21,parking_demand_data_2024_calibr!A:A,0)-1,0) -> Elkhart County | C21: =OFFSET(parking_demand_data_2024_calibr!H$1,MATCH(A21,parking_demand_data_2024_calibr!A:A,0)-1,0) -> 0 | D21: =_xlfn.MAXIFS(parking_demand_data_2024_calibr!D:D,parking_demand_data_2024_calibr!$A:$A,$A21) -> 374.75393 | E21: =SUMIFS(parking_demand_data_2024_calibr!D:D,parking_demand_data_2024_calibr!$A:$A,$A21) -> 5831.4184 | F21: =SUMIFS(parking_demand_data_2024_calibr!E:E,parking_demand_data_2024_calibr!$A:$A,$A21) -> 837.0044 | G21: =SUM(E21:F21) -> 6668.4228 | H21: =F21/SUM(E21:F21) -> 0.1255176 | I21: =D21/C21 -> #DIV/0! | J21: =IFERROR(IF(AND(G21>=1000,OR(I21>=0.9,H21>0.5)),1,0),0) -> 0 | K21: =IFERROR(IF(AND(J21=0,G21>=300,OR(I21>=0.7,H21>0.2)),1,0),0) -> 0 | L21: =IF(SUM(J21,K21,M21)=0,1,0) -> 0 | M21: =IF(AND(C21=0,J21=0,K21=0),1,0) -> 1
A22: 18041 | B22: =OFFSET(parking_demand_data_2024_calibr!B$1,MATCH(A22,parking_demand_data_2024_calibr!A:A,0)-1,0) -> Fayette County | C22: =OFFSET(parking_demand_data_2024_calibr!H$1,MATCH(A22,parking_demand_data_2024_calibr!A:A,0)-1,0) -> 0 | D22: =_xlfn.MAXIFS(parking_demand_data_2024_calibr!D:D,parking_demand_data_2024_calibr!$A:$A,$A22) -> 0 | E22: =SUMIFS(parking_demand_data_2024_calibr!D:D,parking_demand_data_2024_calibr!$A:$A,$A22) -> 0 | F22: =SUMIFS(parking_demand_data_2024_calibr!E:E,parking_demand_data_2024_calibr!$A:$A,$A22) -> 9.1146611 | G22: =SUM(E22:F22) -> 9.1146611 | H22: =F22/SUM(E22:F22) -> 1 | I22: =D22/C22 -> #DIV/0! | J22: =IFERROR(IF(AND(G22>=1000,OR(I22>=0.9,H22>0.5)),1,0),0) -> 0 | K22: =IFERROR(IF(AND(J22=0,G22>=300,OR(I22>=0.7,H22>0.2)),1,0),0) -> 0 | L22: =IF(SUM(J22,K22,M22)=0,1,0) -> 0 | M22: =IF(AND(C22=0,J22=0,K22=0),1,0) -> 1
A23: 18043 | B23: =OFFSET(parking_demand_data_2024_calibr!B$1,MATCH(A23,parking_demand_data_2024_calibr!A:A,0)-1,0) -> Floyd County | C23: =OFFSET(parking_demand_data_2024_calibr!H$1,MATCH(A23,parking_demand_data_2024_calibr!A:A,0)-1,0) -> 0 | D23: =_xlfn.MAXIFS(parking_demand_data_2024_calibr!D:D,parking_demand_data_2024_calibr!$A:$A,$A23) -> 4.3983142 | E23: =SUMIFS(parking_demand_data_2024_calibr!D:D,parking_demand_data_2024_calibr!$A:$A,$A23) -> 69.991229 | F23: =SUMIFS(parking_demand_data_2024_calibr!E:E,parking_demand_data_2024_calibr!$A:$A,$A23) -> 51.481657 | G23: =SUM(E23:F23) -> 121.47289 | H23: =F23/SUM(E23:F23) -> 0.42381192 | I23: =D23/C23 -> #DIV/0! | J23: =IFERROR(IF(AND(G23>=1000,OR(I23>=0.9,H23>0.5)),1,0),0) -> 0 | K23: =IFERROR(IF(AND(J23=0,G23>=300,OR(I23>=0.7,H23>0.2)),1,0),0) -> 0 | L23: =IF(SUM(J23,K23,M23)=0,1,0) -> 0 | M23: =IF(AND(C23=0,J23=0,K23=0),1,0) -> 1
A24: 18045 | B24: =OFFSET(parking_demand_data_2024_calibr!B$1,MATCH(A24,parking_demand_data_2024_calibr!A:A,0)-1,0) -> Fountain County | C24: =OFFSET(parking_demand_data_2024_calibr!H$1,MATCH(A24,parking_demand_data_2024_calibr!A:A,0)-1,0) -> 0 | D24: =_xlfn.MAXIFS(parking_demand_data_2024_calibr!D:D,parking_demand_data_2024_calibr!$A:$A,$A24) -> 0 | E24: =SUMIFS(parking_demand_data_2024_calibr!D:D,parking_demand_data_2024_calibr!$A:$A,$A24) -> 0 | F24: =SUMIFS(parking_demand_data_2024_calibr!E:E,parking_demand_data_2024_calibr!$A:$A,$A24) -> 80.797148 | G24: =SUM(E24:F24) -> 80.797148 | H24: =F24/SUM(E24:F24) -> 1 | I24: =D24/C24 -> #DIV/0! | J24: =IFERROR(IF(AND(G24>=1000,OR(I24>=0.9,H24>0.5)),1,0),0) -> 0 | K24: =IFERROR(IF(AND(J24=0,G24>=300,OR(I24>=0.7,H24>0.2)),1,0),0) -> 0 | L24: =IF(SUM(J24,K24,M24)=0,1,0) -> 0 | M24: =IF(AND(C24=0,J24=0,K24=0),1,0) -> 1
... A93: 18183 | B93: =OFFSET(parking_demand_data_2024_calibr!B$1,MATCH(A93,parking_demand_data_2024_calibr!A:A,0)-1,0) -> Whitley County | C93: =OFFSET(parking_demand_data_2024_calibr!H$1,MATCH(A93,parking_demand_data_2024_calibr!A:A,0)-1,0) -> 0 | D93: =_xlfn.MAXIFS(parking_demand_data_2024_calibr!D:D,parking_demand_data_2024_calibr!$A:$A,$A93) -> 0 | E93: =SUMIFS(parking_demand_data_2024_calibr!D:D,parking_demand_data_2024_calibr!$A:$A,$A93) -> 0 | F93: =SUMIFS(parking_demand_data_2024_calibr!E:E,parking_demand_data_2024_calibr!$A:$A,$A93) -> 19.664841 | G93: =SUM(E93:F93) -> 19.664841 | H93: =F93/SUM(E93:F93) -> 1 | I93: =D93/C93 -> #DIV/0! | J93: =IFERROR(IF(AND(G93>=1000,OR(I93>=0.9,H93>0.5)),1,0),0) -> 0 | K93: =IFERROR(IF(AND(J93=0,G93>=300,OR(I93>=0.7,H93>0.2)),1,0),0) -> 0 | L93: =IF(SUM(J93,K93,M93)=0,1,0) -> 0 | M93: =IF(AND(C93=0,J93=0,K93=0),1,0) -> 1
