Workbook

Sheet contents
A2: Sheet | B2: Descrip
A3: in_parking_demand_data_ver1 | B3: Baseline expanded demand estimates using LOCUS expansion factors, by county & by hour
A4: calibration | B4: calibration steps
A5: park_dem_calibrtd_by_hour | B5: hourly demand expanded totals after calibration
A6: diagnosis | B6: diagnosis at county level

Sheet in_parking_demand_data_ver1
A1: county_fips | B1: county_name | C1: hour | D1: designated_expanded_daily_parking_demand | E1: undesignated_expanded_daily_parking_demand | F1: truck_parking_spaces
A2: 18001 | B2: Adams County | C2: 0 | D2: 19.171535 | E2: 0 | F2: 30
A3: 18001 | B3: Adams County | C3: 1 | D3: 19.919693 | E3: 0 | F3: 30
A4: 18001 | B4: Adams County | C4: 2 | D4: 19.826173 | E4: 0 | F4: 30
A5: 18001 | B5: Adams County | C5: 3 | D5: 20.293772 | E5: 0 | F5: 30
A6: 18001 | B6: Adams County | C6: 4 | D6: 19.919693 | E6: 0 | F6: 30
A7: 18001 | B7: Adams County | C7: 5 | D7: 19.358575 | E7: 0 | F7: 30
A8: 18001 | B8: Adams County | C8: 6 | D8: 21.509528 | E8: 1.6833543 | F8: 30
A9: 18001 | B9: Adams County | C9: 7 | D9: 18.236339 | E9: 3.1796693 | F9: 30
A10: 18001 | B10: Adams County | C10: 8 | D10: 12.531638 | E10: 7.3880551 | F10: 30
A11: 18001 | B11: Adams County | C11: 9 | D11: 8.603811 | E11: 9.0714095 | F11: 30
A12: 18001 | B12: Adams County | C12: 10 | D12: 8.8843701 | E12: 14.308512 | F12: 30
A13: 18001 | B13: Adams County | C13: 11 | D13: 9.4454882 | E13: 13.653874 | F13: 30
... A2209: 18183 | B2209: Whitley County | C2209: 23 | D2209: 0 | E2209: 0.12281027 | F2209: 0

Sheet calibration
C2: demand expanded | F2: demand expanded (from demand sheet) | I2: Validation Vol/Cap | L2: dem/sup | O2: calib demand | R2: calib dem/sup
C3: Boone | D3: Jasper | E3: Tippecanoe | F3: Boone | G3: Jasper | H3: Tippecanoe | I3: Boone | J3: Jasper | K3: Tippecanoe | L3: Boone | M3: Jasper | N3: Tippecanoe | O3: Boone | P3: Jasper | Q3: Tippecanoe | R3: Boone | S3: Jasper | T3: Tippecanoe
A4: supply | C4: 550 | D4: 869 | E4: 92 | F4: =in_parking_demand_data_ver1!F122 -> 550 | G4: =in_parking_demand_data_ver1!F866 -> 869 | H4: =in_parking_demand_data_ver1!F1874 -> 92
A5: hour | B5: 0 | C5: 618.05411 | D5: 666.24798 | E5: 118.79056 | F5: =in_parking_demand_data_ver1!D122 -> 618.05411 | G5: =in_parking_demand_data_ver1!D866 -> 666.24798 | H5: =in_parking_demand_data_ver1!D1874 -> 118.79056 | I5: 1 | J5: 0.7 | K5: 1 | L5: =F5/F$4 -> 1.1237348 | M5: =G5/G$4 -> 0.76668352 | N5: =H5/H$4 -> 1.2912017 | O5: =F5*$I$31 -> 525.346 | P5: =G5*$I$31 -> 566.31078 | Q5: =H5*$I$31 -> 100.97198 | R5: =O5/F$4 -> 0.95517454 | S5: =P5/G$4 -> 0.65168099 | T5: =Q5/H$4 -> 1.0975215
B6: 1 | C6: 618.22889 | D6: 667.32947 | E6: 117.76702 | F6: =in_parking_demand_data_ver1!D123 -> 618.22889 | G6: =in_parking_demand_data_ver1!D867 -> 667.32947 | H6: =in_parking_demand_data_ver1!D1875 -> 117.76702 | I6: 1 | J6: 0.7 | K6: 1 | L6: =F6/F$4 -> 1.1240525 | M6: =G6/G$4 -> 0.76792804 | N6: =H6/H$4 -> 1.2800763 | O6: =F6*$I$31 -> 525.49455 | P6: =G6*$I$31 -> 567.23005 | Q6: =H6*$I$31 -> 100.10197 | R6: =O6/F$4 -> 0.95544464 | S6: =P6/G$4 -> 0.65273883 | T6: =Q6/H$4 -> 1.0880649
B7: 2 | C7: 614.20912 | D7: 659.03806 | E7: 116.38224 | F7: =in_parking_demand_data_ver1!D124 -> 614.20912 | G7: =in_parking_demand_data_ver1!D868 -> 659.03806 | H7: =in_parking_demand_data_ver1!D1876 -> 116.38224 | L7: =F7/F$4 -> 1.1167438 | M7: =G7/G$4 -> 0.75838672 | N7: =H7/H$4 -> 1.2650243 | O7: =F7*$I$31 -> 522.07775 | P7: =G7*$I$31 -> 560.18235 | Q7: =H7*$I$31 -> 98.924901 | R7: =O7/F$4 -> 0.94923227 | S7: =P7/G$4 -> 0.64462871 | T7: =Q7/H$4 -> 1.0752707
B8: 3 | C8: 599.29519 | D8: 627.77791 | E8: 112.34829 | F8: =in_parking_demand_data_ver1!D125 -> 599.29519 | G8: =in_parking_demand_data_ver1!D869 -> 627.77791 | H8: =in_parking_demand_data_ver1!D1877 -> 112.34829 | L8: =F8/F$4 -> 1.0896276 | M8: =G8/G$4 -> 0.72241417 | N8: =H8/H$4 -> 1.2211771 | O8: =F8*$I$31 -> 509.40091 | P8: =G8*$I$31 -> 533.61123 | Q8: =H8*$I$31 -> 95.49605 | R8: =O8/F$4 -> 0.92618347 | S8: =P8/G$4 -> 0.61405204 | T8: =Q8/H$4 -> 1.0380005
B9: 4 | C9: 578.67202 | D9: 595.33328 | E9: 107.47144 | F9: =in_parking_demand_data_ver1!D126 -> 578.67202 | G9: =in_parking_demand_data_ver1!D870 -> 595.33328 | H9: =in_parking_demand_data_ver1!D1878 -> 107.47144 | L9: =F9/F$4 -> 1.052131 | M9: =G9/G$4 -> 0.68507857 | N9: =H9/H$4 -> 1.1681678 | O9: =F9*$I$31 -> 491.87122 | P9: =G9*$I$31 -> 506.03329 | Q9: =H9*$I$31 -> 91.350723 | R9: =O9/F$4 -> 0.89431131 | S9: =P9/G$4 -> 0.58231679 | T9: =Q9/H$4 -> 0.99294264
B10: 5 | C10: 548.31985 | D10: 541.10439 | E10: 99.584179 | F10: =in_parking_demand_data_ver1!D127 -> 548.31985 | G10: =in_parking_demand_data_ver1!D871 -> 541.10439 | H10: =in_parking_demand_data_ver1!D1879 -> 99.584179 | L10: =F10/F$4 -> 0.99694519 | M10: =G10/G$4 -> 0.62267479 | N10: =H10/H$4 -> 1.0824367 | O10: =F10*$I$31 -> 466.07187 | P10: =G10*$I$31 -> 459.93873 | Q10: =H10*$I$31 -> 84.646552 | R10: =O10/F$4 -> 0.84740341 | S10: =P10/G$4 -> 0.52927357 | T10: =Q10/H$4 -> 0.92007122
B11: 6 | C11: 500.49042 | D11: 462.46478 | E11: 95.128781 | F11: =in_parking_demand_data_ver1!D128 -> 500.49042 | G11: =in_parking_demand_data_ver1!D872 -> 462.46478 | H11: =in_parking_demand_data_ver1!D1880 -> 95.128781 | L11: =F11/F$4 -> 0.90998259 | M11: =G11/G$4 -> 0.53218041 | N11: =H11/H$4 -> 1.0340085 | O11: =F11*$I$31 -> 425.41686 | P11: =G11*$I$31 -> 393.09506 | Q11: =H11*$I$31 -> 80.859464 | R11: =O11/F$4 -> 0.7734852 | S11: =P11/G$4 -> 0.45235335 | T11: =Q11/H$4 -> 0.87890721
B12: 7 | C12: 440.77646 | D12: 377.49074 | E12: 89.529428 | F12: =in_parking_demand_data_ver1!D129 -> 440.77646 | G12: =in_parking_demand_data_ver1!D873 -> 377.49074 | H12: =in_parking_demand_data_ver1!D1881 -> 89.529428 | L12: =F12/F$4 -> 0.80141174 | M12: =G12/G$4 -> 0.43439671 | N12: =H12/H$4 -> 0.97314596 | O12: =F12*$I$31 -> 374.65999 | P12: =G12*$I$31 -> 320.86713 | Q12: =H12*$I$31 -> 76.100014 | R12: =O12/F$4 -> 0.68119998 | S12: =P12/G$4 -> 0.3692372 | T12: =Q12/H$4 -> 0.82717407
B13: 8 | C13: 370.45962 | D13: 308.84201 | E13: 77.18677 | F13: =in_parking_demand_data_ver1!D130 -> 370.45962 | G13: =in_parking_demand_data_ver1!D874 -> 308.84201 | H13: =in_parking_demand_data_ver1!D1882 -> 77.18677 | L13: =F13/F$4 -> 0.67356294 | M13: =G13/G$4 -> 0.35539933 | N13: =H13/H$4 -> 0.83898663 | O13: =F13*$I$31 -> 314.89068 | P13: =G13*$I$31 -> 262.51571 | Q13: =H13*$I$31 -> 65.608755 | R13: =O13/F$4 -> 0.5725285 | S13: =P13/G$4 -> 0.30208943 | T13: =Q13/H$4 -> 0.71313864
B14: 9 | C14: 324.84398 | D14: 266.50949 | E14: 65.024736 | F14: =in_parking_demand_data_ver1!D131 -> 324.84398 | G14: =in_parking_demand_data_ver1!D875 -> 266.50949 | H14: =in_parking_demand_data_ver1!D1883 -> 65.024736 | L14: =F14/F$4 -> 0.59062541 | M14: =G14/G$4 -> 0.30668526 | N14: =H14/H$4 -> 0.70679061 | O14: =F14*$I$31 -> 276.11738 | P14: =G14*$I$31 -> 226.53307 | Q14: =H14*$I$31 -> 55.271026 | R14: =O14/F$4 -> 0.5020316 | S14: =P14/G$4 -> 0.26068247 | T14: =Q14/H$4 -> 0.60077202
B15: 10 | C15: 299.15241 | D15: 251.83216 | E15: 62.977661 | F15: =in_parking_demand_data_ver1!D132 -> 299.15241 | G15: =in_parking_demand_data_ver1!D876 -> 251.83216 | H15: =in_parking_demand_data_ver1!D1884 -> 62.977661 | L15: =F15/F$4 -> 0.54391346 | M15: =G15/G$4 -> 0.28979535 | N15: =H15/H$4 -> 0.68453979 | O15: =F15*$I$31 -> 254.27954 | P15: =G15*$I$31 -> 214.05733 | Q15: =H15*$I$31 -> 53.531012 | R15: =O15/F$4 -> 0.46232645 | S15: =P15/G$4 -> 0.24632605 | T15: =Q15/H$4 -> 0.58185883
B16: 11 | C16: 292.86059 | D16: 256.6216 | E16: 60.448921 | F16: =in_parking_demand_data_ver1!D133 -> 292.86059 | G16: =in_parking_demand_data_ver1!D877 -> 256.6216 | H16: =in_parking_demand_data_ver1!D1885 -> 60.448921 | L16: =F16/F$4 -> 0.5324738 | M16: =G16/G$4 -> 0.29530679 | N16: =H16/H$4 -> 0.65705349 | O16: =F16*$I$31 -> 248.9315 | P16: =G16*$I$31 -> 218.12836 | Q16: =H16*$I$31 -> 51.381583 | R16: =O16/F$4 -> 0.45260273 | S16: =P16/G$4 -> 0.25101077 | T16: =Q16/H$4 -> 0.55849547
B17: 12 | C17: 303.81301 | D17: 272.17443 | E17: 61.592875 | F17: =in_parking_demand_data_ver1!D134 -> 303.81301 | G17: =in_parking_demand_data_ver1!D878 -> 272.17443 | H17: =in_parking_demand_data_ver1!D1886 -> 61.592875 | L17: =F17/F$4 -> 0.55238729 | M17: =G17/G$4 -> 0.31320417 | N17: =H17/H$4 -> 0.66948777 | O17: =F17*$I$31 -> 258.24106 | P17: =G17*$I$31 -> 231.34826 | Q17: =H17*$I$31 -> 52.353944 | R17: =O17/F$4 -> 0.46952919 | S17: =P17/G$4 -> 0.26622355 | T17: =Q17/H$4 -> 0.56906461
B18: 13 | C18: 309.34747 | D18: 283.8648 | E18: 62.857245 | F18: =in_parking_demand_data_ver1!D135 -> 309.34747 | G18: =in_parking_demand_data_ver1!D879 -> 283.8648 | H18: =in_parking_demand_data_ver1!D1887 -> 62.857245 | L18: =F18/F$4 -> 0.56244995 | M18: =G18/G$4 -> 0.32665684 | N18: =H18/H$4 -> 0.68323092 | O18: =F18*$I$31 -> 262.94535 | P18: =G18*$I$31 -> 241.28508 | Q18: =H18*$I$31 -> 53.428658 | R18: =O18/F$4 -> 0.47808246 | S18: =P18/G$4 -> 0.27765832 | T18: =Q18/H$4 -> 0.58074628
... B24: 19 | C24: 508.18042 | D24: 558.0992 | E24: 104.46103 | F24: =in_parking_demand_data_ver1!D141 -> 508.18042 | G24: =in_parking_demand_data_ver1!D885 -> 558.0992 | H24: =in_parking_demand_data_ver1!D1893 -> 104.46103 | L24: =F24/F$4 -> 0.92396439 | M24: =G24/G$4 -> 0.64223153 | N24: =H24/H$4 -> 1.135446 | O24: =F24*$I$31 -> 431.95335 | P24: =G24*$I$31 -> 474.38432 | Q24: =H24*$I$31 -> 88.791879 | R24: =O24/F$4 -> 0.78536973 | S24: =P24/G$4 -> 0.5458968 | T24: =Q24/H$4 -> 0.96512912
B25: 20 | C25: 547.44599 | D25: 595.95127 | E25: 111.38496 | F25: =in_parking_demand_data_ver1!D142 -> 547.44599 | G25: =in_parking_demand_data_ver1!D886 -> 595.95127 | H25: =in_parking_demand_data_ver1!D1894 -> 111.38496 | I25: 1 | L25: =F25/F$4 -> 0.99535634 | M25: =G25/G$4 -> 0.68578973 | N25: =H25/H$4 -> 1.2107061 | O25: =F25*$I$31 -> 465.32909 | P25: =G25*$I$31 -> 506.55858 | Q25: =H25*$I$31 -> 94.67722 | R25: =O25/F$4 -> 0.84605289 | S25: =P25/G$4 -> 0.58292127 | T25: =Q25/H$4 -> 1.0291002
B26: 21 | C26: 582.16748 | D26: 628.03541 | E26: 114.45558 | F26: =in_parking_demand_data_ver1!D143 -> 582.16748 | G26: =in_parking_demand_data_ver1!D887 -> 628.03541 | H26: =in_parking_demand_data_ver1!D1895 -> 114.45558 | I26: 1 | J26: 0.7 | K26: 1 | L26: =F26/F$4 -> 1.0584863 | M26: =G26/G$4 -> 0.72271048 | N26: =H26/H$4 -> 1.2440824 | O26: =F26*$I$31 -> 494.84235 | P26: =G26*$I$31 -> 533.8301 | Q26: =H26*$I$31 -> 97.287241 | R26: =O26/F$4 -> 0.89971337 | S26: =P26/G$4 -> 0.61430391 | T26: =Q26/H$4 -> 1.05747
B27: 22 | C27: 599.35345 | D27: 645.28772 | E27: 118.73035 | F27: =in_parking_demand_data_ver1!D144 -> 599.35345 | G27: =in_parking_demand_data_ver1!D888 -> 645.28772 | H27: =in_parking_demand_data_ver1!D1896 -> 118.73035 | I27: 1 | J27: 0.7 | K27: 1 | L27: =F27/F$4 -> 1.0897335 | M27: =G27/G$4 -> 0.74256354 | N27: =H27/H$4 -> 1.2905473 | O27: =F27*$I$31 -> 509.45043 | P27: =G27*$I$31 -> 548.49456 | Q27: =H27*$I$31 -> 100.9208 | R27: =O27/F$4 -> 0.92627351 | S27: =P27/G$4 -> 0.63117901 | T27: =Q27/H$4 -> 1.0969652
B28: 23 | C28: 611.99533 | D28: 659.03806 | E28: 120.47639 | F28: =in_parking_demand_data_ver1!D145 -> 611.99533 | G28: =in_parking_demand_data_ver1!D889 -> 659.03806 | H28: =in_parking_demand_data_ver1!D1897 -> 120.47639 | I28: 1 | J28: 0.7 | K28: 1 | L28: =F28/F$4 -> 1.1127188 | M28: =G28/G$4 -> 0.75838672 | N28: =H28/H$4 -> 1.3095259 | O28: =F28*$I$31 -> 520.19603 | P28: =G28*$I$31 -> 560.18235 | Q28: =H28*$I$31 -> 102.40493 | R28: =O28/F$4 -> 0.94581096 | S28: =P28/G$4 -> 0.64462871 | T28: =Q28/H$4 -> 1.113097
I30: calib demand factor
I31: 0.85

Sheet park_dem_calibrtd_by_hour
A1: county_fips | B1: county_name | C1: hour | D1: designated_expanded_daily_parking_demand | E1: undesignated_expanded_daily_parking_demand | F1: total_expanded_daily_parking_demand | G1: truck_parking_spaces
A2: 18001 | B2: Adams County | C2: 0 | D2: =in_parking_demand_data_ver1!D2*calibration!$I$31 -> 16.295805 | E2: =in_parking_demand_data_ver1!E2*calibration!$I$31 -> 0 | F2: =SUM(D2:E2) -> 16.295805 | G2: 30
A3: 18001 | B3: Adams County | C3: 1 | D3: =in_parking_demand_data_ver1!D3*calibration!$I$31 -> 16.931739 | E3: =in_parking_demand_data_ver1!E3*calibration!$I$31 -> 0 | F3: =SUM(D3:E3) -> 16.931739 | G3: 30
A4: 18001 | B4: Adams County | C4: 2 | D4: =in_parking_demand_data_ver1!D4*calibration!$I$31 -> 16.852247 | E4: =in_parking_demand_data_ver1!E4*calibration!$I$31 -> 0 | F4: =SUM(D4:E4) -> 16.852247 | G4: 30
A5: 18001 | B5: Adams County | C5: 3 | D5: =in_parking_demand_data_ver1!D5*calibration!$I$31 -> 17.249706 | E5: =in_parking_demand_data_ver1!E5*calibration!$I$31 -> 0 | F5: =SUM(D5:E5) -> 17.249706 | G5: 30
A6: 18001 | B6: Adams County | C6: 4 | D6: =in_parking_demand_data_ver1!D6*calibration!$I$31 -> 16.931739 | E6: =in_parking_demand_data_ver1!E6*calibration!$I$31 -> 0 | F6: =SUM(D6:E6) -> 16.931739 | G6: 30
A7: 18001 | B7: Adams County | C7: 5 | D7: =in_parking_demand_data_ver1!D7*calibration!$I$31 -> 16.454789 | E7: =in_parking_demand_data_ver1!E7*calibration!$I$31 -> 0 | F7: =SUM(D7:E7) -> 16.454789 | G7: 30
A8: 18001 | B8: Adams County | C8: 6 | D8: =in_parking_demand_data_ver1!D8*calibration!$I$31 -> 18.283098 | E8: =in_parking_demand_data_ver1!E8*calibration!$I$31 -> 1.4308512 | F8: =SUM(D8:E8) -> 19.71395 | G8: 30
A9: 18001 | B9: Adams County | C9: 7 | D9: =in_parking_demand_data_ver1!D9*calibration!$I$31 -> 15.500888 | E9: =in_parking_demand_data_ver1!E9*calibration!$I$31 -> 2.7027189 | F9: =SUM(D9:E9) -> 18.203607 | G9: 30
A10: 18001 | B10: Adams County | C10: 8 | D10: =in_parking_demand_data_ver1!D10*calibration!$I$31 -> 10.651892 | E10: =in_parking_demand_data_ver1!E10*calibration!$I$31 -> 6.2798469 | F10: =SUM(D10:E10) -> 16.931739 | G10: 30
A11: 18001 | B11: Adams County | C11: 9 | D11: =in_parking_demand_data_ver1!D11*calibration!$I$31 -> 7.3132394 | E11: =in_parking_demand_data_ver1!E11*calibration!$I$31 -> 7.710698 | F11: =SUM(D11:E11) -> 15.023937 | G11: 30
A12: 18001 | B12: Adams County | C12: 10 | D12: =in_parking_demand_data_ver1!D12*calibration!$I$31 -> 7.5517146 | E12: =in_parking_demand_data_ver1!E12*calibration!$I$31 -> 12.162235 | F12: =SUM(D12:E12) -> 19.71395 | G12: 30
A13: 18001 | B13: Adams County | C13: 11 | D13: =in_parking_demand_data_ver1!D13*calibration!$I$31 -> 8.028665 | E13: =in_parking_demand_data_ver1!E13*calibration!$I$31 -> 11.605793 | F13: =SUM(D13:E13) -> 19.634458 | G13: 30
... A2209: 18183 | B2209: Whitley County | C2209: 23 | D2209: =in_parking_demand_data_ver1!D2209*calibration!$I$31 -> 0 | E2209: =in_parking_demand_data_ver1!E2209*calibration!$I$31 -> 0.10438873 | F2209: =SUM(D2209:E2209) -> 0.10438873 | G2209: 0

Sheet diagnosis
A1: county_fips | B1: county name | C1: parking spaces | D1: max designated demand | E1: sum designated demand hours | F1: sum undesignated demand hours | G1: sum total demand hours | H1: undesignated hour% | I1: max dem/supply | J1: diagnosis1 | K1: diagnosis2 | L1: diagnosis3 | M1: diagnosis4
A2: 18001 | B2: =OFFSET(park_dem_calibrtd_by_hour!B$1,MATCH(A2,park_dem_calibrtd_by_hour!A:A,0)-1,0) -> Adams County | C2: =OFFSET(park_dem_calibrtd_by_hour!G$1,MATCH(A2,park_dem_calibrtd_by_hour!A:A,0)-1,0) -> 30 | D2: =_xlfn.MAXIFS(park_dem_calibrtd_by_hour!D:D,park_dem_calibrtd_by_hour!$A:$A,$A2) -> 18.283098 | E2: =SUMIFS(park_dem_calibrtd_by_hour!D:D,park_dem_calibrtd_by_hour!$A:$A,$A2) -> 284.34193 | F2: =SUMIFS(park_dem_calibrtd_by_hour!E:E,park_dem_calibrtd_by_hour!$A:$A,$A2) -> 69.634758 | G2: =SUM(E2:F2) -> 353.97668 | H2: =F2/SUM(E2:F2) -> 0.19672131 | I2: =D2/C2 -> 0.60943661 | J2: =IFERROR(IF(AND(G2>=1000,OR(I2>=0.9,H2>0.5)),1,0),0) -> 0 | K2: =IFERROR(IF(AND(J2=0,G2>=300,OR(I2>=0.7,H2>0.2)),1,0),0) -> 0 | L2: =IF(SUM(J2,K2,M2)=0,1,0) -> 1 | M2: =IF(AND(C2=0,J2=0,K2=0),1,0) -> 0
A3: 18003 | B3: =OFFSET(park_dem_calibrtd_by_hour!B$1,MATCH(A3,park_dem_calibrtd_by_hour!A:A,0)-1,0) -> Allen County | C3: =OFFSET(park_dem_calibrtd_by_hour!G$1,MATCH(A3,park_dem_calibrtd_by_hour!A:A,0)-1,0) -> 365 | D3: =_xlfn.MAXIFS(park_dem_calibrtd_by_hour!D:D,park_dem_calibrtd_by_hour!$A:$A,$A3) -> 322.98443 | E3: =SUMIFS(park_dem_calibrtd_by_hour!D:D,park_dem_calibrtd_by_hour!$A:$A,$A3) -> 6245.0557 | F3: =SUMIFS(park_dem_calibrtd_by_hour!E:E,park_dem_calibrtd_by_hour!$A:$A,$A3) -> 596.32208 | G3: =SUM(E3:F3) -> 6841.3778 | H3: =F3/SUM(E3:F3) -> 0.087164032 | I3: =D3/C3 -> 0.88488884 | J3: =IFERROR(IF(AND(G3>=1000,OR(I3>=0.9,H3>0.5)),1,0),0) -> 0 | K3: =IFERROR(IF(AND(J3=0,G3>=300,OR(I3>=0.7,H3>0.2)),1,0),0) -> 1 | L3: =IF(SUM(J3,K3,M3)=0,1,0) -> 0 | M3: =IF(AND(C3=0,J3=0,K3=0),1,0) -> 0 | P3: diagnosis1 | Q3: =SUM(J:J) -> 12 | R3: tot dem hour > 1000 & (max dem/sup>0.9 OR undesignated% > 0.5)
A4: 18005 | B4: =OFFSET(park_dem_calibrtd_by_hour!B$1,MATCH(A4,park_dem_calibrtd_by_hour!A:A,0)-1,0) -> Bartholomew County | C4: =OFFSET(park_dem_calibrtd_by_hour!G$1,MATCH(A4,park_dem_calibrtd_by_hour!A:A,0)-1,0) -> 83 | D4: =_xlfn.MAXIFS(park_dem_calibrtd_by_hour!D:D,park_dem_calibrtd_by_hour!$A:$A,$A4) -> 158.72209 | E4: =SUMIFS(park_dem_calibrtd_by_hour!D:D,park_dem_calibrtd_by_hour!$A:$A,$A4) -> 2787.1717 | F4: =SUMIFS(park_dem_calibrtd_by_hour!E:E,park_dem_calibrtd_by_hour!$A:$A,$A4) -> 519.36744 | G4: =SUM(E4:F4) -> 3306.5391 | H4: =F4/SUM(E4:F4) -> 0.15707282 | I4: =D4/C4 -> 1.9123144 | J4: =IFERROR(IF(AND(G4>=1000,OR(I4>=0.9,H4>0.5)),1,0),0) -> 1 | K4: =IFERROR(IF(AND(J4=0,G4>=300,OR(I4>=0.7,H4>0.2)),1,0),0) -> 0 | L4: =IF(SUM(J4,K4,M4)=0,1,0) -> 0 | M4: =IF(AND(C4=0,J4=0,K4=0),1,0) -> 0 | P4: diagnosis2 | Q4: =SUM(K:K) -> 20 | R4: not 1 & tot dem hour > 300 & (max dem/sup>0.7 OR undesignated% > 0.2)
A5: 18007 | B5: =OFFSET(park_dem_calibrtd_by_hour!B$1,MATCH(A5,park_dem_calibrtd_by_hour!A:A,0)-1,0) -> Benton County | C5: =OFFSET(park_dem_calibrtd_by_hour!G$1,MATCH(A5,park_dem_calibrtd_by_hour!A:A,0)-1,0) -> 39 | D5: =_xlfn.MAXIFS(park_dem_calibrtd_by_hour!D:D,park_dem_calibrtd_by_hour!$A:$A,$A5) -> 9.7923768 | E5: =SUMIFS(park_dem_calibrtd_by_hour!D:D,park_dem_calibrtd_by_hour!$A:$A,$A5) -> 157.96228 | F5: =SUMIFS(park_dem_calibrtd_by_hour!E:E,park_dem_calibrtd_by_hour!$A:$A,$A5) -> 22.9559 | G5: =SUM(E5:F5) -> 180.91818 | H5: =F5/SUM(E5:F5) -> 0.12688554 | I5: =D5/C5 -> 0.25108659 | J5: =IFERROR(IF(AND(G5>=1000,OR(I5>=0.9,H5>0.5)),1,0),0) -> 0 | K5: =IFERROR(IF(AND(J5=0,G5>=300,OR(I5>=0.7,H5>0.2)),1,0),0) -> 0 | L5: =IF(SUM(J5,K5,M5)=0,1,0) -> 1 | M5: =IF(AND(C5=0,J5=0,K5=0),1,0) -> 0 | P5: diagnosis3 | Q5: =SUM(L:L) -> 37 | R5: all others
A6: 18009 | B6: =OFFSET(park_dem_calibrtd_by_hour!B$1,MATCH(A6,park_dem_calibrtd_by_hour!A:A,0)-1,0) -> Blackford County | C6: =OFFSET(park_dem_calibrtd_by_hour!G$1,MATCH(A6,park_dem_calibrtd_by_hour!A:A,0)-1,0) -> 0 | D6: =_xlfn.MAXIFS(park_dem_calibrtd_by_hour!D:D,park_dem_calibrtd_by_hour!$A:$A,$A6) -> 0 | E6: =SUMIFS(park_dem_calibrtd_by_hour!D:D,park_dem_calibrtd_by_hour!$A:$A,$A6) -> 0 | F6: =SUMIFS(park_dem_calibrtd_by_hour!E:E,park_dem_calibrtd_by_hour!$A:$A,$A6) -> 0 | G6: =SUM(E6:F6) -> 0 | H6: =F6/SUM(E6:F6) -> #DIV/0! | I6: =D6/C6 -> #DIV/0! | J6: =IFERROR(IF(AND(G6>=1000,OR(I6>=0.9,H6>0.5)),1,0),0) -> 0 | K6: =IFERROR(IF(AND(J6=0,G6>=300,OR(I6>=0.7,H6>0.2)),1,0),0) -> 0 | L6: =IF(SUM(J6,K6,M6)=0,1,0) -> 0 | M6: =IF(AND(C6=0,J6=0,K6=0),1,0) -> 1 | P6: diagnosis4 | Q6: =SUM(M:M) -> 23 | R6: not 1 & not 2 & 0 parking spaces
A7: 18011 | B7: =OFFSET(park_dem_calibrtd_by_hour!B$1,MATCH(A7,park_dem_calibrtd_by_hour!A:A,0)-1,0) -> Boone County | C7: =OFFSET(park_dem_calibrtd_by_hour!G$1,MATCH(A7,park_dem_calibrtd_by_hour!A:A,0)-1,0) -> 550 | D7: =_xlfn.MAXIFS(park_dem_calibrtd_by_hour!D:D,park_dem_calibrtd_by_hour!$A:$A,$A7) -> 525.49455 | E7: =SUMIFS(park_dem_calibrtd_by_hour!D:D,park_dem_calibrtd_by_hour!$A:$A,$A7) -> 9499.3094 | F7: =SUMIFS(park_dem_calibrtd_by_hour!E:E,park_dem_calibrtd_by_hour!$A:$A,$A7) -> 526.38589 | G7: =SUM(E7:F7) -> 10025.695 | H7: =F7/SUM(E7:F7) -> 0.05250368 | I7: =D7/C7 -> 0.95544464 | J7: =IFERROR(IF(AND(G7>=1000,OR(I7>=0.9,H7>0.5)),1,0),0) -> 1 | K7: =IFERROR(IF(AND(J7=0,G7>=300,OR(I7>=0.7,H7>0.2)),1,0),0) -> 0 | L7: =IF(SUM(J7,K7,M7)=0,1,0) -> 0 | M7: =IF(AND(C7=0,J7=0,K7=0),1,0) -> 0 | P7: sum | Q7: =SUM(Q3:Q6) -> 92
A8: 18013 | B8: =OFFSET(park_dem_calibrtd_by_hour!B$1,MATCH(A8,park_dem_calibrtd_by_hour!A:A,0)-1,0) -> Brown County | C8: =OFFSET(park_dem_calibrtd_by_hour!G$1,MATCH(A8,park_dem_calibrtd_by_hour!A:A,0)-1,0) -> 0 | D8: =_xlfn.MAXIFS(park_dem_calibrtd_by_hour!D:D,park_dem_calibrtd_by_hour!$A:$A,$A8) -> 0 | E8: =SUMIFS(park_dem_calibrtd_by_hour!D:D,park_dem_calibrtd_by_hour!$A:$A,$A8) -> 0 | F8: =SUMIFS(park_dem_calibrtd_by_hour!E:E,park_dem_calibrtd_by_hour!$A:$A,$A8) -> 0 | G8: =SUM(E8:F8) -> 0 | H8: =F8/SUM(E8:F8) -> #DIV/0! | I8: =D8/C8 -> #DIV/0! | J8: =IFERROR(IF(AND(G8>=1000,OR(I8>=0.9,H8>0.5)),1,0),0) -> 0 | K8: =IFERROR(IF(AND(J8=0,G8>=300,OR(I8>=0.7,H8>0.2)),1,0),0) -> 0 | L8: =IF(SUM(J8,K8,M8)=0,1,0) -> 0 | M8: =IF(AND(C8=0,J8=0,K8=0),1,0) -> 1 | P8: total | Q8: 92
A9: 18015 | B9: =OFFSET(park_dem_calibrtd_by_hour!B$1,MATCH(A9,park_dem_calibrtd_by_hour!A:A,0)-1,0) -> Carroll County | C9: =OFFSET(park_dem_calibrtd_by_hour!G$1,MATCH(A9,park_dem_calibrtd_by_hour!A:A,0)-1,0) -> 0 | D9: =_xlfn.MAXIFS(park_dem_calibrtd_by_hour!D:D,park_dem_calibrtd_by_hour!$A:$A,$A9) -> 0 | E9: =SUMIFS(park_dem_calibrtd_by_hour!D:D,park_dem_calibrtd_by_hour!$A:$A,$A9) -> 0 | F9: =SUMIFS(park_dem_calibrtd_by_hour!E:E,park_dem_calibrtd_by_hour!$A:$A,$A9) -> 14.393274 | G9: =SUM(E9:F9) -> 14.393274 | H9: =F9/SUM(E9:F9) -> 1 | I9: =D9/C9 -> #DIV/0! | J9: =IFERROR(IF(AND(G9>=1000,OR(I9>=0.9,H9>0.5)),1,0),0) -> 0 | K9: =IFERROR(IF(AND(J9=0,G9>=300,OR(I9>=0.7,H9>0.2)),1,0),0) -> 0 | L9: =IF(SUM(J9,K9,M9)=0,1,0) -> 0 | M9: =IF(AND(C9=0,J9=0,K9=0),1,0) -> 1
A10: 18017 | B10: =OFFSET(park_dem_calibrtd_by_hour!B$1,MATCH(A10,park_dem_calibrtd_by_hour!A:A,0)-1,0) -> Cass County | C10: =OFFSET(park_dem_calibrtd_by_hour!G$1,MATCH(A10,park_dem_calibrtd_by_hour!A:A,0)-1,0) -> 41 | D10: =_xlfn.MAXIFS(park_dem_calibrtd_by_hour!D:D,park_dem_calibrtd_by_hour!$A:$A,$A10) -> 31.853733 | E10: =SUMIFS(park_dem_calibrtd_by_hour!D:D,park_dem_calibrtd_by_hour!$A:$A,$A10) -> 534.91775 | F10: =SUMIFS(park_dem_calibrtd_by_hour!E:E,park_dem_calibrtd_by_hour!$A:$A,$A10) -> 81.909599 | G10: =SUM(E10:F10) -> 616.82735 | H10: =F10/SUM(E10:F10) -> 0.13279178 | I10: =D10/C10 -> 0.77692032 | J10: =IFERROR(IF(AND(G10>=1000,OR(I10>=0.9,H10>0.5)),1,0),0) -> 0 | K10: =IFERROR(IF(AND(J10=0,G10>=300,OR(I10>=0.7,H10>0.2)),1,0),0) -> 1 | L10: =IF(SUM(J10,K10,M10)=0,1,0) -> 0 | M10: =IF(AND(C10=0,J10=0,K10=0),1,0) -> 0
A11: 18019 | B11: =OFFSET(park_dem_calibrtd_by_hour!B$1,MATCH(A11,park_dem_calibrtd_by_hour!A:A,0)-1,0) -> Clark County | C11: =OFFSET(park_dem_calibrtd_by_hour!G$1,MATCH(A11,park_dem_calibrtd_by_hour!A:A,0)-1,0) -> 571 | D11: =_xlfn.MAXIFS(park_dem_calibrtd_by_hour!D:D,park_dem_calibrtd_by_hour!$A:$A,$A11) -> 321.65933 | E11: =SUMIFS(park_dem_calibrtd_by_hour!D:D,park_dem_calibrtd_by_hour!$A:$A,$A11) -> 5638.858 | F11: =SUMIFS(park_dem_calibrtd_by_hour!E:E,park_dem_calibrtd_by_hour!$A:$A,$A11) -> 416.09143 | G11: =SUM(E11:F11) -> 6054.9494 | H11: =F11/SUM(E11:F11) -> 0.068719224 | I11: =D11/C11 -> 0.56332632 | J11: =IFERROR(IF(AND(G11>=1000,OR(I11>=0.9,H11>0.5)),1,0),0) -> 0 | K11: =IFERROR(IF(AND(J11=0,G11>=300,OR(I11>=0.7,H11>0.2)),1,0),0) -> 0 | L11: =IF(SUM(J11,K11,M11)=0,1,0) -> 1 | M11: =IF(AND(C11=0,J11=0,K11=0),1,0) -> 0 | P11: =COUNTIFS(G:G,">=1000") -> 38
A12: 18021 | B12: =OFFSET(park_dem_calibrtd_by_hour!B$1,MATCH(A12,park_dem_calibrtd_by_hour!A:A,0)-1,0) -> Clay County | C12: =OFFSET(park_dem_calibrtd_by_hour!G$1,MATCH(A12,park_dem_calibrtd_by_hour!A:A,0)-1,0) -> 277 | D12: =_xlfn.MAXIFS(park_dem_calibrtd_by_hour!D:D,park_dem_calibrtd_by_hour!$A:$A,$A12) -> 255.37522 | E12: =SUMIFS(park_dem_calibrtd_by_hour!D:D,park_dem_calibrtd_by_hour!$A:$A,$A12) -> 4331.2249 | F12: =SUMIFS(park_dem_calibrtd_by_hour!E:E,park_dem_calibrtd_by_hour!$A:$A,$A12) -> 295.80499 | G12: =SUM(E12:F12) -> 4627.0299 | H12: =F12/SUM(E12:F12) -> 0.063929777 | I12: =D12/C12 -> 0.92193219 | J12: =IFERROR(IF(AND(G12>=1000,OR(I12>=0.9,H12>0.5)),1,0),0) -> 1 | K12: =IFERROR(IF(AND(J12=0,G12>=300,OR(I12>=0.7,H12>0.2)),1,0),0) -> 0 | L12: =IF(SUM(J12,K12,M12)=0,1,0) -> 0 | M12: =IF(AND(C12=0,J12=0,K12=0),1,0) -> 0 | P12: =COUNTIFS(G:G,">=300") -> 52
A13: 18023 | B13: =OFFSET(park_dem_calibrtd_by_hour!B$1,MATCH(A13,park_dem_calibrtd_by_hour!A:A,0)-1,0) -> Clinton County | C13: =OFFSET(park_dem_calibrtd_by_hour!G$1,MATCH(A13,park_dem_calibrtd_by_hour!A:A,0)-1,0) -> 100 | D13: =_xlfn.MAXIFS(park_dem_calibrtd_by_hour!D:D,park_dem_calibrtd_by_hour!$A:$A,$A13) -> 81.141988 | E13: =SUMIFS(park_dem_calibrtd_by_hour!D:D,park_dem_calibrtd_by_hour!$A:$A,$A13) -> 1260.775 | F13: =SUMIFS(park_dem_calibrtd_by_hour!E:E,park_dem_calibrtd_by_hour!$A:$A,$A13) -> 164.6705 | G13: =SUM(E13:F13) -> 1425.4455 | H13: =F13/SUM(E13:F13) -> 0.11552213 | I13: =D13/C13 -> 0.81141988 | J13: =IFERROR(IF(AND(G13>=1000,OR(I13>=0.9,H13>0.5)),1,0),0) -> 0 | K13: =IFERROR(IF(AND(J13=0,G13>=300,OR(I13>=0.7,H13>0.2)),1,0),0) -> 1 | L13: =IF(SUM(J13,K13,M13)=0,1,0) -> 0 | M13: =IF(AND(C13=0,J13=0,K13=0),1,0) -> 0
A14: 18025 | B14: =OFFSET(park_dem_calibrtd_by_hour!B$1,MATCH(A14,park_dem_calibrtd_by_hour!A:A,0)-1,0) -> Crawford County | C14: =OFFSET(park_dem_calibrtd_by_hour!G$1,MATCH(A14,park_dem_calibrtd_by_hour!A:A,0)-1,0) -> 115 | D14: =_xlfn.MAXIFS(park_dem_calibrtd_by_hour!D:D,park_dem_calibrtd_by_hour!$A:$A,$A14) -> 96.836539 | E14: =SUMIFS(park_dem_calibrtd_by_hour!D:D,park_dem_calibrtd_by_hour!$A:$A,$A14) -> 1712.3646 | F14: =SUMIFS(park_dem_calibrtd_by_hour!E:E,park_dem_calibrtd_by_hour!$A:$A,$A14) -> 134.51759 | G14: =SUM(E14:F14) -> 1846.8822 | H14: =F14/SUM(E14:F14) -> 0.072834961 | I14: =D14/C14 -> 0.84205687 | J14: =IFERROR(IF(AND(G14>=1000,OR(I14>=0.9,H14>0.5)),1,0),0) -> 0 | K14: =IFERROR(IF(AND(J14=0,G14>=300,OR(I14>=0.7,H14>0.2)),1,0),0) -> 1 | L14: =IF(SUM(J14,K14,M14)=0,1,0) -> 0 | M14: =IF(AND(C14=0,J14=0,K14=0),1,0) -> 0
A15: 18027 | B15: =OFFSET(park_dem_calibrtd_by_hour!B$1,MATCH(A15,park_dem_calibrtd_by_hour!A:A,0)-1,0) -> Daviess County | C15: =OFFSET(park_dem_calibrtd_by_hour!G$1,MATCH(A15,park_dem_calibrtd_by_hour!A:A,0)-1,0) -> 15 | D15: =_xlfn.MAXIFS(park_dem_calibrtd_by_hour!D:D,park_dem_calibrtd_by_hour!$A:$A,$A15) -> 22.294132 | E15: =SUMIFS(park_dem_calibrtd_by_hour!D:D,park_dem_calibrtd_by_hour!$A:$A,$A15) -> 452.33621 | F15: =SUMIFS(park_dem_calibrtd_by_hour!E:E,park_dem_calibrtd_by_hour!$A:$A,$A15) -> 115.4308 | G15: =SUM(E15:F15) -> 567.76701 | H15: =F15/SUM(E15:F15) -> 0.20330664 | I15: =D15/C15 -> 1.4862755 | J15: =IFERROR(IF(AND(G15>=1000,OR(I15>=0.9,H15>0.5)),1,0),0) -> 0 | K15: =IFERROR(IF(AND(J15=0,G15>=300,OR(I15>=0.7,H15>0.2)),1,0),0) -> 1 | L15: =IF(SUM(J15,K15,M15)=0,1,0) -> 0 | M15: =IF(AND(C15=0,J15=0,K15=0),1,0) -> 0
A16: 18029 | B16: =OFFSET(park_dem_calibrtd_by_hour!B$1,MATCH(A16,park_dem_calibrtd_by_hour!A:A,0)-1,0) -> Dearborn County | C16: =OFFSET(park_dem_calibrtd_by_hour!G$1,MATCH(A16,park_dem_calibrtd_by_hour!A:A,0)-1,0) -> 85 | D16: =_xlfn.MAXIFS(park_dem_calibrtd_by_hour!D:D,park_dem_calibrtd_by_hour!$A:$A,$A16) -> 28.396913 | E16: =SUMIFS(park_dem_calibrtd_by_hour!D:D,park_dem_calibrtd_by_hour!$A:$A,$A16) -> 479.94999 | F16: =SUMIFS(park_dem_calibrtd_by_hour!E:E,park_dem_calibrtd_by_hour!$A:$A,$A16) -> 103.9304 | G16: =SUM(E16:F16) -> 583.88039 | H16: =F16/SUM(E16:F16) -> 0.17799947 | I16: =D16/C16 -> 0.33408133 | J16: =IFERROR(IF(AND(G16>=1000,OR(I16>=0.9,H16>0.5)),1,0),0) -> 0 | K16: =IFERROR(IF(AND(J16=0,G16>=300,OR(I16>=0.7,H16>0.2)),1,0),0) -> 0 | L16: =IF(SUM(J16,K16,M16)=0,1,0) -> 1 | M16: =IF(AND(C16=0,J16=0,K16=0),1,0) -> 0
A17: 18031 | B17: =OFFSET(park_dem_calibrtd_by_hour!B$1,MATCH(A17,park_dem_calibrtd_by_hour!A:A,0)-1,0) -> Decatur County | C17: =OFFSET(park_dem_calibrtd_by_hour!G$1,MATCH(A17,park_dem_calibrtd_by_hour!A:A,0)-1,0) -> 209 | D17: =_xlfn.MAXIFS(park_dem_calibrtd_by_hour!D:D,park_dem_calibrtd_by_hour!$A:$A,$A17) -> 248.07149 | E17: =SUMIFS(park_dem_calibrtd_by_hour!D:D,park_dem_calibrtd_by_hour!$A:$A,$A17) -> 4430.0847 | F17: =SUMIFS(park_dem_calibrtd_by_hour!E:E,park_dem_calibrtd_by_hour!$A:$A,$A17) -> 143.05673 | G17: =SUM(E17:F17) -> 4573.1415 | H17: =F17/SUM(E17:F17) -> 0.031281938 | I17: =D17/C17 -> 1.1869449 | J17: =IFERROR(IF(AND(G17>=1000,OR(I17>=0.9,H17>0.5)),1,0),0) -> 1 | K17: =IFERROR(IF(AND(J17=0,G17>=300,OR(I17>=0.7,H17>0.2)),1,0),0) -> 0 | L17: =IF(SUM(J17,K17,M17)=0,1,0) -> 0 | M17: =IF(AND(C17=0,J17=0,K17=0),1,0) -> 0
A18: 18033 | B18: =OFFSET(park_dem_calibrtd_by_hour!B$1,MATCH(A18,park_dem_calibrtd_by_hour!A:A,0)-1,0) -> DeKalb County | C18: =OFFSET(park_dem_calibrtd_by_hour!G$1,MATCH(A18,park_dem_calibrtd_by_hour!A:A,0)-1,0) -> 230 | D18: =_xlfn.MAXIFS(park_dem_calibrtd_by_hour!D:D,park_dem_calibrtd_by_hour!$A:$A,$A18) -> 89.496816 | E18: =SUMIFS(park_dem_calibrtd_by_hour!D:D,park_dem_calibrtd_by_hour!$A:$A,$A18) -> 1553.6851 | F18: =SUMIFS(park_dem_calibrtd_by_hour!E:E,park_dem_calibrtd_by_hour!$A:$A,$A18) -> 93.869955 | G18: =SUM(E18:F18) -> 1647.555 | H18: =F18/SUM(E18:F18) -> 0.056975309 | I18: =D18/C18 -> 0.38911659 | J18: =IFERROR(IF(AND(G18>=1000,OR(I18>=0.9,H18>0.5)),1,0),0) -> 0 | K18: =IFERROR(IF(AND(J18=0,G18>=300,OR(I18>=0.7,H18>0.2)),1,0),0) -> 0 | L18: =IF(SUM(J18,K18,M18)=0,1,0) -> 1 | M18: =IF(AND(C18=0,J18=0,K18=0),1,0) -> 0
A19: 18035 | B19: =OFFSET(park_dem_calibrtd_by_hour!B$1,MATCH(A19,park_dem_calibrtd_by_hour!A:A,0)-1,0) -> Delaware County | C19: =OFFSET(park_dem_calibrtd_by_hour!G$1,MATCH(A19,park_dem_calibrtd_by_hour!A:A,0)-1,0) -> 465 | D19: =_xlfn.MAXIFS(park_dem_calibrtd_by_hour!D:D,park_dem_calibrtd_by_hour!$A:$A,$A19) -> 306.45227 | E19: =SUMIFS(park_dem_calibrtd_by_hour!D:D,park_dem_calibrtd_by_hour!$A:$A,$A19) -> 5343.5561 | F19: =SUMIFS(park_dem_calibrtd_by_hour!E:E,park_dem_calibrtd_by_hour!$A:$A,$A19) -> 117.39493 | G19: =SUM(E19:F19) -> 5460.9511 | H19: =F19/SUM(E19:F19) -> 0.021497158 | I19: =D19/C19 -> 0.65903714 | J19: =IFERROR(IF(AND(G19>=1000,OR(I19>=0.9,H19>0.5)),1,0),0) -> 0 | K19: =IFERROR(IF(AND(J19=0,G19>=300,OR(I19>=0.7,H19>0.2)),1,0),0) -> 0 | L19: =IF(SUM(J19,K19,M19)=0,1,0) -> 1 | M19: =IF(AND(C19=0,J19=0,K19=0),1,0) -> 0
A20: 18037 | B20: =OFFSET(park_dem_calibrtd_by_hour!B$1,MATCH(A20,park_dem_calibrtd_by_hour!A:A,0)-1,0) -> Dubois County | C20: =OFFSET(park_dem_calibrtd_by_hour!G$1,MATCH(A20,park_dem_calibrtd_by_hour!A:A,0)-1,0) -> 35 | D20: =_xlfn.MAXIFS(park_dem_calibrtd_by_hour!D:D,park_dem_calibrtd_by_hour!$A:$A,$A20) -> 27.789698 | E20: =SUMIFS(park_dem_calibrtd_by_hour!D:D,park_dem_calibrtd_by_hour!$A:$A,$A20) -> 595.68207 | F20: =SUMIFS(park_dem_calibrtd_by_hour!E:E,park_dem_calibrtd_by_hour!$A:$A,$A20) -> 193.28138 | G20: =SUM(E20:F20) -> 788.96346 | H20: =F20/SUM(E20:F20) -> 0.24498141 | I20: =D20/C20 -> 0.79399137 | J20: =IFERROR(IF(AND(G20>=1000,OR(I20>=0.9,H20>0.5)),1,0),0) -> 0 | K20: =IFERROR(IF(AND(J20=0,G20>=300,OR(I20>=0.7,H20>0.2)),1,0),0) -> 1 | L20: =IF(SUM(J20,K20,M20)=0,1,0) -> 0 | M20: =IF(AND(C20=0,J20=0,K20=0),1,0) -> 0
A21: 18039 | B21: =OFFSET(park_dem_calibrtd_by_hour!B$1,MATCH(A21,park_dem_calibrtd_by_hour!A:A,0)-1,0) -> Elkhart County | C21: =OFFSET(park_dem_calibrtd_by_hour!G$1,MATCH(A21,park_dem_calibrtd_by_hour!A:A,0)-1,0) -> 674 | D21: =_xlfn.MAXIFS(park_dem_calibrtd_by_hour!D:D,park_dem_calibrtd_by_hour!$A:$A,$A21) -> 439.91155 | E21: =SUMIFS(park_dem_calibrtd_by_hour!D:D,park_dem_calibrtd_by_hour!$A:$A,$A21) -> 6851.0837 | F21: =SUMIFS(park_dem_calibrtd_by_hour!E:E,park_dem_calibrtd_by_hour!$A:$A,$A21) -> 672.92522 | G21: =SUM(E21:F21) -> 7524.0089 | H21: =F21/SUM(E21:F21) -> 0.089437059 | I21: =D21/C21 -> 0.65268777 | J21: =IFERROR(IF(AND(G21>=1000,OR(I21>=0.9,H21>0.5)),1,0),0) -> 0 | K21: =IFERROR(IF(AND(J21=0,G21>=300,OR(I21>=0.7,H21>0.2)),1,0),0) -> 0 | L21: =IF(SUM(J21,K21,M21)=0,1,0) -> 1 | M21: =IF(AND(C21=0,J21=0,K21=0),1,0) -> 0
A22: 18041 | B22: =OFFSET(park_dem_calibrtd_by_hour!B$1,MATCH(A22,park_dem_calibrtd_by_hour!A:A,0)-1,0) -> Fayette County | C22: =OFFSET(park_dem_calibrtd_by_hour!G$1,MATCH(A22,park_dem_calibrtd_by_hour!A:A,0)-1,0) -> 0 | D22: =_xlfn.MAXIFS(park_dem_calibrtd_by_hour!D:D,park_dem_calibrtd_by_hour!$A:$A,$A22) -> 0 | E22: =SUMIFS(park_dem_calibrtd_by_hour!D:D,park_dem_calibrtd_by_hour!$A:$A,$A22) -> 0 | F22: =SUMIFS(park_dem_calibrtd_by_hour!E:E,park_dem_calibrtd_by_hour!$A:$A,$A22) -> 15.014635 | G22: =SUM(E22:F22) -> 15.014635 | H22: =F22/SUM(E22:F22) -> 1 | I22: =D22/C22 -> #DIV/0! | J22: =IFERROR(IF(AND(G22>=1000,OR(I22>=0.9,H22>0.5)),1,0),0) -> 0 | K22: =IFERROR(IF(AND(J22=0,G22>=300,OR(I22>=0.7,H22>0.2)),1,0),0) -> 0 | L22: =IF(SUM(J22,K22,M22)=0,1,0) -> 0 | M22: =IF(AND(C22=0,J22=0,K22=0),1,0) -> 1
A23: 18043 | B23: =OFFSET(park_dem_calibrtd_by_hour!B$1,MATCH(A23,park_dem_calibrtd_by_hour!A:A,0)-1,0) -> Floyd County | C23: =OFFSET(park_dem_calibrtd_by_hour!G$1,MATCH(A23,park_dem_calibrtd_by_hour!A:A,0)-1,0) -> 86 | D23: =_xlfn.MAXIFS(park_dem_calibrtd_by_hour!D:D,park_dem_calibrtd_by_hour!$A:$A,$A23) -> 7.1534829 | E23: =SUMIFS(park_dem_calibrtd_by_hour!D:D,park_dem_calibrtd_by_hour!$A:$A,$A23) -> 140.476 | F23: =SUMIFS(park_dem_calibrtd_by_hour!E:E,park_dem_calibrtd_by_hour!$A:$A,$A23) -> 54.027621 | G23: =SUM(E23:F23) -> 194.50362 | H23: =F23/SUM(E23:F23) -> 0.2777718 | I23: =D23/C23 -> 0.083180034 | J23: =IFERROR(IF(AND(G23>=1000,OR(I23>=0.9,H23>0.5)),1,0),0) -> 0 | K23: =IFERROR(IF(AND(J23=0,G23>=300,OR(I23>=0.7,H23>0.2)),1,0),0) -> 0 | L23: =IF(SUM(J23,K23,M23)=0,1,0) -> 1 | M23: =IF(AND(C23=0,J23=0,K23=0),1,0) -> 0
A24: 18045 | B24: =OFFSET(park_dem_calibrtd_by_hour!B$1,MATCH(A24,park_dem_calibrtd_by_hour!A:A,0)-1,0) -> Fountain County | C24: =OFFSET(park_dem_calibrtd_by_hour!G$1,MATCH(A24,park_dem_calibrtd_by_hour!A:A,0)-1,0) -> 0 | D24: =_xlfn.MAXIFS(park_dem_calibrtd_by_hour!D:D,park_dem_calibrtd_by_hour!$A:$A,$A24) -> 0 | E24: =SUMIFS(park_dem_calibrtd_by_hour!D:D,park_dem_calibrtd_by_hour!$A:$A,$A24) -> 0 | F24: =SUMIFS(park_dem_calibrtd_by_hour!E:E,park_dem_calibrtd_by_hour!$A:$A,$A24) -> 69.108224 | G24: =SUM(E24:F24) -> 69.108224 | H24: =F24/SUM(E24:F24) -> 1 | I24: =D24/C24 -> #DIV/0! | J24: =IFERROR(IF(AND(G24>=1000,OR(I24>=0.9,H24>0.5)),1,0),0) -> 0 | K24: =IFERROR(IF(AND(J24=0,G24>=300,OR(I24>=0.7,H24>0.2)),1,0),0) -> 0 | L24: =IF(SUM(J24,K24,M24)=0,1,0) -> 0 | M24: =IF(AND(C24=0,J24=0,K24=0),1,0) -> 1
... A93: 18183 | B93: =OFFSET(park_dem_calibrtd_by_hour!B$1,MATCH(A93,park_dem_calibrtd_by_hour!A:A,0)-1,0) -> Whitley County | C93: =OFFSET(park_dem_calibrtd_by_hour!G$1,MATCH(A93,park_dem_calibrtd_by_hour!A:A,0)-1,0) -> 0 | D93: =_xlfn.MAXIFS(park_dem_calibrtd_by_hour!D:D,park_dem_calibrtd_by_hour!$A:$A,$A93) -> 0 | E93: =SUMIFS(park_dem_calibrtd_by_hour!D:D,park_dem_calibrtd_by_hour!$A:$A,$A93) -> 0 | F93: =SUMIFS(park_dem_calibrtd_by_hour!E:E,park_dem_calibrtd_by_hour!$A:$A,$A93) -> 27.663012 | G93: =SUM(E93:F93) -> 27.663012 | H93: =F93/SUM(E93:F93) -> 1 | I93: =D93/C93 -> #DIV/0! | J93: =IFERROR(IF(AND(G93>=1000,OR(I93>=0.9,H93>0.5)),1,0),0) -> 0 | K93: =IFERROR(IF(AND(J93=0,G93>=300,OR(I93>=0.7,H93>0.2)),1,0),0) -> 0 | L93: =IF(SUM(J93,K93,M93)=0,1,0) -> 0 | M93: =IF(AND(C93=0,J93=0,K93=0),1,0) -> 1
